timestamp,timezone,location_id,location_name,user_count,status,response
2026-07-18 16:35:39,EEST,1,Hipodroom,7,success,"{"1_single_passes":0,"2_serial_cards":"7","3_groups":0,"4_new":3,"5_members":0,"6_freebies":0,"total":7,"assume_exit":"180"}"
2026-07-18 16:35:39,EEST,3,T1,11,success,"{"1_single_passes":0,"2_serial_cards":"11","3_groups":0,"4_new":0,"5_members":0,"6_freebies":0,"total":11,"assume_exit":"180"}"
2026-07-18 16:35:39,EEST,9,Mustika,8,success,"{"1_single_passes":0,"2_serial_cards":"8","3_groups":0,"4_new":0,"5_members":0,"6_freebies":0,"total":8,"assume_exit":"180"}"
2026-07-18 16:37:40,EEST,1,Hipodroom,8,success,"{"1_single_passes":0,"2_serial_cards":"8","3_groups":0,"4_new":3,"5_members":0,"6_freebies":0,"total":8,"assume_exit":"180"}"
2026-07-18 16:37:40,EEST,3,T1,12,success,"{"1_single_passes":0,"2_serial_cards":"12","3_groups":0,"4_new":0,"5_members":0,"6_freebies":0,"total":12,"assume_exit":"180"}"
2026-07-18 16:37:40,EEST,9,Mustika,7,success,"{"1_single_passes":0,"2_serial_cards":"7","3_groups":0,"4_new":0,"5_members":0,"6_freebies":0,"total":7,"assume_exit":"180"}"
2026-07-18 16:39:41,EEST,1,Hipodroom,8,success,"{"1_single_passes":0,"2_serial_cards":"8","3_groups":0,"4_new":3,"5_members":0,"6_freebies":0,"total":8,"assume_exit":"180"}"
2026-07-18 16:39:41,EEST,3,T1,12,success,"{"1_single_passes":0,"2_serial_cards":"12","3_groups":0,"4_new":0,"5_members":0,"6_freebies":0,"total":12,"assume_exit":"180"}"
2026-07-18 16:39:41,EEST,9,Mustika,7,success,"{"1_single_passes":0,"2_serial_cards":"7","3_groups":0,"4_new":0,"5_members":0,"6_freebies":0,"total":7,"assume_exit":"180"}"
2026-07-18 16:41:41,EEST,1,Hipodroom,8,success,"{"1_single_passes":0,"2_serial_cards":"8","3_groups":0,"4_new":3,"5_members":0,"6_freebies":0,"total":8,"assume_exit":"180"}"
2026-07-18 16:41:41,EEST,3,T1,12,success,"{"1_single_passes":0,"2_serial_cards":"12","3_groups":0,"4_new":0,"5_members":0,"6_freebies":0,"total":12,"assume_exit":"180"}"
2026-07-18 16:41:41,EEST,9,Mustika,7,success,"{"1_single_passes":0,"2_serial_cards":"7","3_groups":0,"4_new":0,"5_members":0,"6_freebies":0,"total":7,"assume_exit":"180"}"
2026-07-18 16:43:42,EEST,1,Hipodroom,8,success,"{"1_single_passes":0,"2_serial_cards":"8","3_groups":0,"4_new":3,"5_members":0,"6_freebies":0,"total":8,"assume_exit":"180"}"
2026-07-18 16:43:42,EEST,3,T1,12,success,"{"1_single_passes":0,"2_serial_cards":"12","3_groups":0,"4_new":0,"5_members":0,"6_freebies":0,"total":12,"assume_exit":"180"}"
2026-07-18 16:43:42,EEST,9,Mustika,7,success,"{"1_single_passes":0,"2_serial_cards":"7","3_groups":0,"4_new":0,"5_members":0,"6_freebies":0,"total":7,"assume_exit":"180"}"
2026-07-18 16:45:43,EEST,1,Hipodroom,8,success,"{"1_single_passes":0,"2_serial_cards":"8","3_groups":0,"4_new":3,"5_members":0,"6_freebies":0,"total":8,"assume_exit":"180"}"
2026-07-18 16:45:43,EEST,3,T1,12,success,"{"1_single_passes":0,"2_serial_cards":"12","3_groups":0,"4_new":0,"5_members":0,"6_freebies":0,"total":12,"assume_exit":"180"}"
2026-07-18 16:45:43,EEST,9,Mustika,7,success,"{"1_single_passes":0,"2_serial_cards":"7","3_groups":0,"4_new":0,"5_members":0,"6_freebies":0,"total":7,"assume_exit":"180"}"
2026-07-18 16:47:43,EEST,1,Hipodroom,8,success,"{"1_single_passes":0,"2_serial_cards":"8","3_groups":0,"4_new":3,"5_members":0,"6_freebies":0,"total":8,"assume_exit":"180"}"
2026-07-18 16:47:43,EEST,3,T1,12,success,"{"1_single_passes":0,"2_serial_cards":"12","3_groups":0,"4_new":0,"5_members":0,"6_freebies":0,"total":12,"assume_exit":"180"}"
2026-07-18 16:47:43,EEST,9,Mustika,7,success,"{"1_single_passes":0,"2_serial_cards":"7","3_groups":0,"4_new":0,"5_members":0,"6_freebies":0,"total":7,"assume_exit":"180"}"
2026-07-18 16:49:44,EEST,1,Hipodroom,7,success,"{"1_single_passes":0,"2_serial_cards":"7","3_groups":0,"4_new":3,"5_members":0,"6_freebies":0,"total":7,"assume_exit":"180"}"
2026-07-18 16:49:44,EEST,3,T1,12,success,"{"1_single_passes":0,"2_serial_cards":"12","3_groups":0,"4_new":0,"5_members":0,"6_freebies":0,"total":12,"assume_exit":"180"}"
2026-07-18 16:49:44,EEST,9,Mustika,7,success,"{"1_single_passes":0,"2_serial_cards":"7","3_groups":0,"4_new":0,"5_members":0,"6_freebies":0,"total":7,"assume_exit":"180"}"
2026-07-18 16:51:45,EEST,1,Hipodroom,7,success,"{"1_single_passes":0,"2_serial_cards":"7","3_groups":0,"4_new":3,"5_members":0,"6_freebies":0,"total":7,"assume_exit":"180"}"
2026-07-18 16:51:45,EEST,3,T1,12,success,"{"1_single_passes":0,"2_serial_cards":"12","3_groups":0,"4_new":0,"5_members":0,"6_freebies":0,"total":12,"assume_exit":"180"}"
2026-07-18 16:51:45,EEST,9,Mustika,7,success,"{"1_single_passes":0,"2_serial_cards":"7","3_groups":0,"4_new":0,"5_members":0,"6_freebies":0,"total":7,"assume_exit":"180"}"
2026-07-18 16:53:46,EEST,1,Hipodroom,7,success,"{"1_single_passes":0,"2_serial_cards":"7","3_groups":0,"4_new":3,"5_members":0,"6_freebies":0,"total":7,"assume_exit":"180"}"
2026-07-18 16:53:46,EEST,3,T1,12,success,"{"1_single_passes":0,"2_serial_cards":"12","3_groups":0,"4_new":0,"5_members":0,"6_freebies":0,"total":12,"assume_exit":"180"}"
2026-07-18 16:53:46,EEST,9,Mustika,7,success,"{"1_single_passes":0,"2_serial_cards":"7","3_groups":0,"4_new":0,"5_members":0,"6_freebies":0,"total":7,"assume_exit":"180"}"
2026-07-18 16:55:35,EEST,1,Hipodroom,7,success,"{"total":7,"location_name":"Hipodroom","location_id":1}"
2026-07-18 16:55:35,EEST,3,T1,12,success,"{"total":12,"location_name":"T1 Shopping Mall","location_id":3}"
2026-07-18 16:55:35,EEST,9,Mustika,6,success,"{"total":6,"location_name":"Mustika","location_id":9}"
2026-07-18 16:55:35,EEST,10,Suur-Paala,8,success,"{"total":8,"location_name":"Suur-Paala","location_id":10}"
2026-07-18 16:57:36,EEST,1,Hipodroom,7,success,"{"total":7,"location_name":"Hipodroom","location_id":1}"
2026-07-18 16:57:36,EEST,3,T1,12,success,"{"total":12,"location_name":"T1 Shopping Mall","location_id":3}"
2026-07-18 16:57:36,EEST,9,Mustika,6,success,"{"total":6,"location_name":"Mustika","location_id":9}"
2026-07-18 16:57:36,EEST,10,Suur-Paala,8,success,"{"total":8,"location_name":"Suur-Paala","location_id":10}"
2026-07-18 16:59:36,EEST,1,Hipodroom,7,success,"{"total":7,"location_name":"Hipodroom","location_id":1}"
2026-07-18 16:59:36,EEST,3,T1,12,success,"{"total":12,"location_name":"T1 Shopping Mall","location_id":3}"
2026-07-18 16:59:36,EEST,9,Mustika,6,success,"{"total":6,"location_name":"Mustika","location_id":9}"
2026-07-18 16:59:36,EEST,10,Suur-Paala,8,success,"{"total":8,"location_name":"Suur-Paala","location_id":10}"
2026-07-18 17:01:36,EEST,1,Hipodroom,7,success,"{"total":7,"location_name":"Hipodroom","location_id":1}"
2026-07-18 17:01:36,EEST,3,T1,12,success,"{"total":12,"location_name":"T1 Shopping Mall","location_id":3}"
2026-07-18 17:01:36,EEST,9,Mustika,7,success,"{"total":7,"location_name":"Mustika","location_id":9}"
2026-07-18 17:01:36,EEST,10,Suur-Paala,8,success,"{"total":8,"location_name":"Suur-Paala","location_id":10}"
2026-07-18 17:03:37,EEST,1,Hipodroom,7,success,"{"total":7,"location_name":"Hipodroom","location_id":1}"
2026-07-18 17:03:37,EEST,3,T1,12,success,"{"total":12,"location_name":"T1 Shopping Mall","location_id":3}"
2026-07-18 17:03:37,EEST,9,Mustika,7,success,"{"total":7,"location_name":"Mustika","location_id":9}"
2026-07-18 17:03:37,EEST,10,Suur-Paala,8,success,"{"total":8,"location_name":"Suur-Paala","location_id":10}"
2026-07-18 17:05:37,EEST,1,Hipodroom,7,success,"{"total":7,"location_name":"Hipodroom","location_id":1}"
2026-07-18 17:05:37,EEST,3,T1,12,success,"{"total":12,"location_name":"T1 Shopping Mall","location_id":3}"
2026-07-18 17:05:37,EEST,9,Mustika,7,success,"{"total":7,"location_name":"Mustika","location_id":9}"
2026-07-18 17:05:37,EEST,10,Suur-Paala,8,success,"{"total":8,"location_name":"Suur-Paala","location_id":10}"
2026-07-18 17:07:38,EEST,1,Hipodroom,7,success,"{"total":7,"location_name":"Hipodroom","location_id":1}"
2026-07-18 17:07:38,EEST,3,T1,13,success,"{"total":13,"location_name":"T1 Shopping Mall","location_id":3}"
2026-07-18 17:07:38,EEST,9,Mustika,5,success,"{"total":5,"location_name":"Mustika","location_id":9}"
2026-07-18 17:07:38,EEST,10,Suur-Paala,8,success,"{"total":8,"location_name":"Suur-Paala","location_id":10}"
2026-07-18 17:09:38,EEST,1,Hipodroom,7,success,"{"total":7,"location_name":"Hipodroom","location_id":1}"
2026-07-18 17:09:38,EEST,3,T1,13,success,"{"total":13,"location_name":"T1 Shopping Mall","location_id":3}"
2026-07-18 17:09:38,EEST,9,Mustika,5,success,"{"total":5,"location_name":"Mustika","location_id":9}"
2026-07-18 17:09:38,EEST,10,Suur-Paala,8,success,"{"total":8,"location_name":"Suur-Paala","location_id":10}"
2026-07-18 17:11:38,EEST,1,Hipodroom,7,success,"{"total":7,"location_name":"Hipodroom","location_id":1}"
2026-07-18 17:11:38,EEST,3,T1,13,success,"{"total":13,"location_name":"T1 Shopping Mall","location_id":3}"
2026-07-18 17:11:38,EEST,9,Mustika,5,success,"{"total":5,"location_name":"Mustika","location_id":9}"
2026-07-18 17:11:38,EEST,10,Suur-Paala,8,success,"{"total":8,"location_name":"Suur-Paala","location_id":10}"
2026-07-18 17:13:39,EEST,1,Hipodroom,7,success,"{"total":7,"location_name":"Hipodroom","location_id":1}"
2026-07-18 17:13:39,EEST,3,T1,12,success,"{"total":12,"location_name":"T1 Shopping Mall","location_id":3}"
2026-07-18 17:13:39,EEST,9,Mustika,6,success,"{"total":6,"location_name":"Mustika","location_id":9}"
2026-07-18 17:13:39,EEST,10,Suur-Paala,8,success,"{"total":8,"location_name":"Suur-Paala","location_id":10}"
2026-07-18 17:15:39,EEST,1,Hipodroom,7,success,"{"total":7,"location_name":"Hipodroom","location_id":1}"
2026-07-18 17:15:39,EEST,3,T1,12,success,"{"total":12,"location_name":"T1 Shopping Mall","location_id":3}"
2026-07-18 17:15:39,EEST,9,Mustika,6,success,"{"total":6,"location_name":"Mustika","location_id":9}"
2026-07-18 17:15:39,EEST,10,Suur-Paala,8,success,"{"total":8,"location_name":"Suur-Paala","location_id":10}"
2026-07-18 17:17:40,EEST,1,Hipodroom,7,success,"{"total":7,"location_name":"Hipodroom","location_id":1}"
2026-07-18 17:17:40,EEST,3,T1,12,success,"{"total":12,"location_name":"T1 Shopping Mall","location_id":3}"
2026-07-18 17:17:40,EEST,9,Mustika,6,success,"{"total":6,"location_name":"Mustika","location_id":9}"
2026-07-18 17:17:40,EEST,10,Suur-Paala,8,success,"{"total":8,"location_name":"Suur-Paala","location_id":10}"
2026-07-18 17:19:40,EEST,1,Hipodroom,7,success,"{"total":7,"location_name":"Hipodroom","location_id":1}"
2026-07-18 17:19:40,EEST,3,T1,12,success,"{"total":12,"location_name":"T1 Shopping Mall","location_id":3}"
2026-07-18 17:19:40,EEST,9,Mustika,6,success,"{"total":6,"location_name":"Mustika","location_id":9}"
2026-07-18 17:19:40,EEST,10,Suur-Paala,6,success,"{"total":6,"location_name":"Suur-Paala","location_id":10}"
2026-07-18 17:21:40,EEST,1,Hipodroom,7,success,"{"total":7,"location_name":"Hipodroom","location_id":1}"
2026-07-18 17:21:40,EEST,3,T1,12,success,"{"total":12,"location_name":"T1 Shopping Mall","location_id":3}"
2026-07-18 17:21:40,EEST,9,Mustika,6,success,"{"total":6,"location_name":"Mustika","location_id":9}"
2026-07-18 17:21:40,EEST,10,Suur-Paala,6,success,"{"total":6,"location_name":"Suur-Paala","location_id":10}"
2026-07-18 17:23:41,EEST,1,Hipodroom,7,success,"{"total":7,"location_name":"Hipodroom","location_id":1}"
2026-07-18 17:23:41,EEST,3,T1,12,success,"{"total":12,"location_name":"T1 Shopping Mall","location_id":3}"
2026-07-18 17:23:41,EEST,9,Mustika,6,success,"{"total":6,"location_name":"Mustika","location_id":9}"
2026-07-18 17:23:41,EEST,10,Suur-Paala,6,success,"{"total":6,"location_name":"Suur-Paala","location_id":10}"
2026-07-18 17:25:41,EEST,1,Hipodroom,7,success,"{"total":7,"location_name":"Hipodroom","location_id":1}"
2026-07-18 17:25:41,EEST,3,T1,12,success,"{"total":12,"location_name":"T1 Shopping Mall","location_id":3}"
2026-07-18 17:25:41,EEST,9,Mustika,5,success,"{"total":5,"location_name":"Mustika","location_id":9}"
2026-07-18 17:25:41,EEST,10,Suur-Paala,6,success,"{"total":6,"location_name":"Suur-Paala","location_id":10}"
2026-07-18 17:27:42,EEST,1,Hipodroom,7,success,"{"total":7,"location_name":"Hipodroom","location_id":1}"
2026-07-18 17:27:42,EEST,3,T1,12,success,"{"total":12,"location_name":"T1 Shopping Mall","location_id":3}"
2026-07-18 17:27:42,EEST,9,Mustika,5,success,"{"total":5,"location_name":"Mustika","location_id":9}"
2026-07-18 17:27:42,EEST,10,Suur-Paala,6,success,"{"total":6,"location_name":"Suur-Paala","location_id":10}"
2026-07-18 17:29:42,EEST,1,Hipodroom,7,success,"{"total":7,"location_name":"Hipodroom","location_id":1}"
2026-07-18 17:29:42,EEST,3,T1,12,success,"{"total":12,"location_name":"T1 Shopping Mall","location_id":3}"
2026-07-18 17:29:42,EEST,9,Mustika,5,success,"{"total":5,"location_name":"Mustika","location_id":9}"
2026-07-18 17:29:42,EEST,10,Suur-Paala,6,success,"{"total":6,"location_name":"Suur-Paala","location_id":10}"
2026-07-18 17:31:43,EEST,1,Hipodroom,7,success,"{"total":7,"location_name":"Hipodroom","location_id":1}"
2026-07-18 17:31:43,EEST,3,T1,12,success,"{"total":12,"location_name":"T1 Shopping Mall","location_id":3}"
2026-07-18 17:31:43,EEST,9,Mustika,5,success,"{"total":5,"location_name":"Mustika","location_id":9}"
2026-07-18 17:31:43,EEST,10,Suur-Paala,6,success,"{"total":6,"location_name":"Suur-Paala","location_id":10}"
2026-07-18 17:33:43,EEST,1,Hipodroom,7,success,"{"total":7,"location_name":"Hipodroom","location_id":1}"
2026-07-18 17:33:43,EEST,3,T1,12,success,"{"total":12,"location_name":"T1 Shopping Mall","location_id":3}"
2026-07-18 17:33:43,EEST,9,Mustika,5,success,"{"total":5,"location_name":"Mustika","location_id":9}"
2026-07-18 17:33:43,EEST,10,Suur-Paala,6,success,"{"total":6,"location_name":"Suur-Paala","location_id":10}"
2026-07-18 17:35:44,EEST,1,Hipodroom,7,success,"{"total":7,"location_name":"Hipodroom","location_id":1}"
2026-07-18 17:35:44,EEST,3,T1,12,success,"{"total":12,"location_name":"T1 Shopping Mall","location_id":3}"
2026-07-18 17:35:44,EEST,9,Mustika,5,success,"{"total":5,"location_name":"Mustika","location_id":9}"
2026-07-18 17:35:44,EEST,10,Suur-Paala,6,success,"{"total":6,"location_name":"Suur-Paala","location_id":10}"
2026-07-18 17:37:44,EEST,1,Hipodroom,7,success,"{"total":7,"location_name":"Hipodroom","location_id":1}"
2026-07-18 17:37:44,EEST,3,T1,12,success,"{"total":12,"location_name":"T1 Shopping Mall","location_id":3}"
2026-07-18 17:37:44,EEST,9,Mustika,5,success,"{"total":5,"location_name":"Mustika","location_id":9}"
2026-07-18 17:37:44,EEST,10,Suur-Paala,5,success,"{"total":5,"location_name":"Suur-Paala","location_id":10}"
2026-07-18 17:39:44,EEST,1,Hipodroom,7,success,"{"total":7,"location_name":"Hipodroom","location_id":1}"
2026-07-18 17:39:44,EEST,3,T1,12,success,"{"total":12,"location_name":"T1 Shopping Mall","location_id":3}"
2026-07-18 17:39:44,EEST,9,Mustika,5,success,"{"total":5,"location_name":"Mustika","location_id":9}"
2026-07-18 17:39:44,EEST,10,Suur-Paala,5,success,"{"total":5,"location_name":"Suur-Paala","location_id":10}"
2026-07-18 17:41:45,EEST,1,Hipodroom,7,success,"{"total":7,"location_name":"Hipodroom","location_id":1}"
2026-07-18 17:41:45,EEST,3,T1,12,success,"{"total":12,"location_name":"T1 Shopping Mall","location_id":3}"
2026-07-18 17:41:45,EEST,9,Mustika,5,success,"{"total":5,"location_name":"Mustika","location_id":9}"
2026-07-18 17:41:45,EEST,10,Suur-Paala,5,success,"{"total":5,"location_name":"Suur-Paala","location_id":10}"
2026-07-18 17:43:45,EEST,1,Hipodroom,7,success,"{"total":7,"location_name":"Hipodroom","location_id":1}"
2026-07-18 17:43:45,EEST,3,T1,12,success,"{"total":12,"location_name":"T1 Shopping Mall","location_id":3}"
2026-07-18 17:43:45,EEST,9,Mustika,5,success,"{"total":5,"location_name":"Mustika","location_id":9}"
2026-07-18 17:43:45,EEST,10,Suur-Paala,4,success,"{"total":4,"location_name":"Suur-Paala","location_id":10}"
2026-07-18 17:45:46,EEST,1,Hipodroom,7,success,"{"total":7,"location_name":"Hipodroom","location_id":1}"
2026-07-18 17:45:46,EEST,3,T1,12,success,"{"total":12,"location_name":"T1 Shopping Mall","location_id":3}"
2026-07-18 17:45:46,EEST,9,Mustika,5,success,"{"total":5,"location_name":"Mustika","location_id":9}"
2026-07-18 17:45:46,EEST,10,Suur-Paala,4,success,"{"total":4,"location_name":"Suur-Paala","location_id":10}"
2026-07-18 17:47:46,EEST,1,Hipodroom,7,success,"{"total":7,"location_name":"Hipodroom","location_id":1}"
2026-07-18 17:47:46,EEST,3,T1,12,success,"{"total":12,"location_name":"T1 Shopping Mall","location_id":3}"
2026-07-18 17:47:46,EEST,9,Mustika,5,success,"{"total":5,"location_name":"Mustika","location_id":9}"
2026-07-18 17:47:46,EEST,10,Suur-Paala,4,success,"{"total":4,"location_name":"Suur-Paala","location_id":10}"
2026-07-18 17:49:46,EEST,1,Hipodroom,7,success,"{"total":7,"location_name":"Hipodroom","location_id":1}"
2026-07-18 17:49:46,EEST,3,T1,12,success,"{"total":12,"location_name":"T1 Shopping Mall","location_id":3}"
2026-07-18 17:49:46,EEST,9,Mustika,6,success,"{"total":6,"location_name":"Mustika","location_id":9}"
2026-07-18 17:49:46,EEST,10,Suur-Paala,4,success,"{"total":4,"location_name":"Suur-Paala","location_id":10}"
2026-07-18 17:51:47,EEST,1,Hipodroom,7,success,"{"total":7,"location_name":"Hipodroom","location_id":1}"
2026-07-18 17:51:47,EEST,3,T1,12,success,"{"total":12,"location_name":"T1 Shopping Mall","location_id":3}"
2026-07-18 17:51:47,EEST,9,Mustika,6,success,"{"total":6,"location_name":"Mustika","location_id":9}"
2026-07-18 17:51:47,EEST,10,Suur-Paala,4,success,"{"total":4,"location_name":"Suur-Paala","location_id":10}"
2026-07-18 17:53:47,EEST,1,Hipodroom,7,success,"{"total":7,"location_name":"Hipodroom","location_id":1}"
2026-07-18 17:53:47,EEST,3,T1,12,success,"{"total":12,"location_name":"T1 Shopping Mall","location_id":3}"
2026-07-18 17:53:47,EEST,9,Mustika,6,success,"{"total":6,"location_name":"Mustika","location_id":9}"
2026-07-18 17:53:47,EEST,10,Suur-Paala,4,success,"{"total":4,"location_name":"Suur-Paala","location_id":10}"
2026-07-18 17:55:48,EEST,1,Hipodroom,7,success,"{"total":7,"location_name":"Hipodroom","location_id":1}"
2026-07-18 17:55:48,EEST,3,T1,12,success,"{"total":12,"location_name":"T1 Shopping Mall","location_id":3}"
2026-07-18 17:55:48,EEST,9,Mustika,6,success,"{"total":6,"location_name":"Mustika","location_id":9}"
2026-07-18 17:55:48,EEST,10,Suur-Paala,4,success,"{"total":4,"location_name":"Suur-Paala","location_id":10}"
2026-07-18 17:57:48,EEST,1,Hipodroom,7,success,"{"total":7,"location_name":"Hipodroom","location_id":1}"
2026-07-18 17:57:48,EEST,3,T1,12,success,"{"total":12,"location_name":"T1 Shopping Mall","location_id":3}"
2026-07-18 17:57:48,EEST,9,Mustika,6,success,"{"total":6,"location_name":"Mustika","location_id":9}"
2026-07-18 17:57:48,EEST,10,Suur-Paala,4,success,"{"total":4,"location_name":"Suur-Paala","location_id":10}"
2026-07-18 17:59:49,EEST,1,Hipodroom,7,success,"{"total":7,"location_name":"Hipodroom","location_id":1}"
2026-07-18 17:59:49,EEST,3,T1,12,success,"{"total":12,"location_name":"T1 Shopping Mall","location_id":3}"
2026-07-18 17:59:49,EEST,9,Mustika,6,success,"{"total":6,"location_name":"Mustika","location_id":9}"
2026-07-18 17:59:49,EEST,10,Suur-Paala,4,success,"{"total":4,"location_name":"Suur-Paala","location_id":10}"
2026-07-18 18:01:49,EEST,1,Hipodroom,6,success,"{"total":6,"location_name":"Hipodroom","location_id":1}"
2026-07-18 18:01:49,EEST,3,T1,11,success,"{"total":11,"location_name":"T1 Shopping Mall","location_id":3}"
2026-07-18 18:01:49,EEST,9,Mustika,6,success,"{"total":6,"location_name":"Mustika","location_id":9}"
2026-07-18 18:01:49,EEST,10,Suur-Paala,4,success,"{"total":4,"location_name":"Suur-Paala","location_id":10}"
2026-07-18 18:03:50,EEST,1,Hipodroom,6,success,"{"total":6,"location_name":"Hipodroom","location_id":1}"
2026-07-18 18:03:50,EEST,3,T1,11,success,"{"total":11,"location_name":"T1 Shopping Mall","location_id":3}"
2026-07-18 18:03:50,EEST,9,Mustika,6,success,"{"total":6,"location_name":"Mustika","location_id":9}"
2026-07-18 18:03:50,EEST,10,Suur-Paala,4,success,"{"total":4,"location_name":"Suur-Paala","location_id":10}"
2026-07-18 18:05:50,EEST,1,Hipodroom,6,success,"{"total":6,"location_name":"Hipodroom","location_id":1}"
2026-07-18 18:05:50,EEST,3,T1,11,success,"{"total":11,"location_name":"T1 Shopping Mall","location_id":3}"
2026-07-18 18:05:50,EEST,9,Mustika,6,success,"{"total":6,"location_name":"Mustika","location_id":9}"
2026-07-18 18:05:50,EEST,10,Suur-Paala,4,success,"{"total":4,"location_name":"Suur-Paala","location_id":10}"
2026-07-18 18:07:51,EEST,1,Hipodroom,6,success,"{"total":6,"location_name":"Hipodroom","location_id":1}"
2026-07-18 18:07:51,EEST,3,T1,10,success,"{"total":10,"location_name":"T1 Shopping Mall","location_id":3}"
2026-07-18 18:07:51,EEST,9,Mustika,6,success,"{"total":6,"location_name":"Mustika","location_id":9}"
2026-07-18 18:07:51,EEST,10,Suur-Paala,3,success,"{"total":3,"location_name":"Suur-Paala","location_id":10}"
2026-07-18 18:09:51,EEST,1,Hipodroom,6,success,"{"total":6,"location_name":"Hipodroom","location_id":1}"
2026-07-18 18:09:51,EEST,3,T1,10,success,"{"total":10,"location_name":"T1 Shopping Mall","location_id":3}"
2026-07-18 18:09:51,EEST,9,Mustika,6,success,"{"total":6,"location_name":"Mustika","location_id":9}"
2026-07-18 18:09:51,EEST,10,Suur-Paala,3,success,"{"total":3,"location_name":"Suur-Paala","location_id":10}"
2026-07-18 18:11:52,EEST,1,Hipodroom,6,success,"{"total":6,"location_name":"Hipodroom","location_id":1}"
2026-07-18 18:11:52,EEST,3,T1,10,success,"{"total":10,"location_name":"T1 Shopping Mall","location_id":3}"
2026-07-18 18:11:52,EEST,9,Mustika,6,success,"{"total":6,"location_name":"Mustika","location_id":9}"
2026-07-18 18:11:52,EEST,10,Suur-Paala,3,success,"{"total":3,"location_name":"Suur-Paala","location_id":10}"
2026-07-18 18:13:52,EEST,1,Hipodroom,6,success,"{"total":6,"location_name":"Hipodroom","location_id":1}"
2026-07-18 18:13:52,EEST,3,T1,10,success,"{"total":10,"location_name":"T1 Shopping Mall","location_id":3}"
2026-07-18 18:13:52,EEST,9,Mustika,6,success,"{"total":6,"location_name":"Mustika","location_id":9}"
2026-07-18 18:13:52,EEST,10,Suur-Paala,3,success,"{"total":3,"location_name":"Suur-Paala","location_id":10}"
2026-07-18 18:15:53,EEST,1,Hipodroom,6,success,"{"total":6,"location_name":"Hipodroom","location_id":1}"
2026-07-18 18:15:53,EEST,3,T1,10,success,"{"total":10,"location_name":"T1 Shopping Mall","location_id":3}"
2026-07-18 18:15:53,EEST,9,Mustika,6,success,"{"total":6,"location_name":"Mustika","location_id":9}"
2026-07-18 18:15:53,EEST,10,Suur-Paala,3,success,"{"total":3,"location_name":"Suur-Paala","location_id":10}"
2026-07-18 18:17:53,EEST,1,Hipodroom,6,success,"{"total":6,"location_name":"Hipodroom","location_id":1}"
2026-07-18 18:17:53,EEST,3,T1,10,success,"{"total":10,"location_name":"T1 Shopping Mall","location_id":3}"
2026-07-18 18:17:53,EEST,9,Mustika,6,success,"{"total":6,"location_name":"Mustika","location_id":9}"
2026-07-18 18:17:53,EEST,10,Suur-Paala,3,success,"{"total":3,"location_name":"Suur-Paala","location_id":10}"
2026-07-18 18:19:54,EEST,1,Hipodroom,6,success,"{"total":6,"location_name":"Hipodroom","location_id":1}"
2026-07-18 18:19:54,EEST,3,T1,10,success,"{"total":10,"location_name":"T1 Shopping Mall","location_id":3}"
2026-07-18 18:19:54,EEST,9,Mustika,5,success,"{"total":5,"location_name":"Mustika","location_id":9}"
2026-07-18 18:19:54,EEST,10,Suur-Paala,3,success,"{"total":3,"location_name":"Suur-Paala","location_id":10}"
2026-07-18 18:21:54,EEST,1,Hipodroom,6,success,"{"total":6,"location_name":"Hipodroom","location_id":1}"
2026-07-18 18:21:54,EEST,3,T1,10,success,"{"total":10,"location_name":"T1 Shopping Mall","location_id":3}"
2026-07-18 18:21:54,EEST,9,Mustika,5,success,"{"total":5,"location_name":"Mustika","location_id":9}"
2026-07-18 18:21:54,EEST,10,Suur-Paala,3,success,"{"total":3,"location_name":"Suur-Paala","location_id":10}"
2026-07-18 18:23:55,EEST,1,Hipodroom,6,success,"{"total":6,"location_name":"Hipodroom","location_id":1}"
2026-07-18 18:23:55,EEST,3,T1,10,success,"{"total":10,"location_name":"T1 Shopping Mall","location_id":3}"
2026-07-18 18:23:55,EEST,9,Mustika,5,success,"{"total":5,"location_name":"Mustika","location_id":9}"
2026-07-18 18:23:55,EEST,10,Suur-Paala,3,success,"{"total":3,"location_name":"Suur-Paala","location_id":10}"
2026-07-18 18:25:55,EEST,1,Hipodroom,6,success,"{"total":6,"location_name":"Hipodroom","location_id":1}"
2026-07-18 18:25:55,EEST,3,T1,10,success,"{"total":10,"location_name":"T1 Shopping Mall","location_id":3}"
2026-07-18 18:25:55,EEST,9,Mustika,5,success,"{"total":5,"location_name":"Mustika","location_id":9}"
2026-07-18 18:25:55,EEST,10,Suur-Paala,3,success,"{"total":3,"location_name":"Suur-Paala","location_id":10}"
2026-07-18 18:27:56,EEST,1,Hipodroom,6,success,"{"total":6,"location_name":"Hipodroom","location_id":1}"
2026-07-18 18:27:56,EEST,3,T1,10,success,"{"total":10,"location_name":"T1 Shopping Mall","location_id":3}"
2026-07-18 18:27:56,EEST,9,Mustika,5,success,"{"total":5,"location_name":"Mustika","location_id":9}"
2026-07-18 18:27:56,EEST,10,Suur-Paala,3,success,"{"total":3,"location_name":"Suur-Paala","location_id":10}"
2026-07-18 18:29:56,EEST,1,Hipodroom,6,success,"{"total":6,"location_name":"Hipodroom","location_id":1}"
2026-07-18 18:29:56,EEST,3,T1,10,success,"{"total":10,"location_name":"T1 Shopping Mall","location_id":3}"
2026-07-18 18:29:56,EEST,9,Mustika,5,success,"{"total":5,"location_name":"Mustika","location_id":9}"
2026-07-18 18:29:56,EEST,10,Suur-Paala,3,success,"{"total":3,"location_name":"Suur-Paala","location_id":10}"
2026-07-18 18:31:56,EEST,1,Hipodroom,6,success,"{"total":6,"location_name":"Hipodroom","location_id":1}"
2026-07-18 18:31:56,EEST,3,T1,10,success,"{"total":10,"location_name":"T1 Shopping Mall","location_id":3}"
2026-07-18 18:31:56,EEST,9,Mustika,5,success,"{"total":5,"location_name":"Mustika","location_id":9}"
2026-07-18 18:31:56,EEST,10,Suur-Paala,3,success,"{"total":3,"location_name":"Suur-Paala","location_id":10}"
2026-07-18 18:33:57,EEST,1,Hipodroom,6,success,"{"total":6,"location_name":"Hipodroom","location_id":1}"
2026-07-18 18:33:57,EEST,3,T1,10,success,"{"total":10,"location_name":"T1 Shopping Mall","location_id":3}"
2026-07-18 18:33:57,EEST,9,Mustika,5,success,"{"total":5,"location_name":"Mustika","location_id":9}"
2026-07-18 18:33:57,EEST,10,Suur-Paala,3,success,"{"total":3,"location_name":"Suur-Paala","location_id":10}"
2026-07-18 18:35:57,EEST,1,Hipodroom,6,success,"{"total":6,"location_name":"Hipodroom","location_id":1}"
2026-07-18 18:35:57,EEST,3,T1,10,success,"{"total":10,"location_name":"T1 Shopping Mall","location_id":3}"
2026-07-18 18:35:57,EEST,9,Mustika,5,success,"{"total":5,"location_name":"Mustika","location_id":9}"
2026-07-18 18:35:57,EEST,10,Suur-Paala,3,success,"{"total":3,"location_name":"Suur-Paala","location_id":10}"
2026-07-18 18:37:58,EEST,1,Hipodroom,6,success,"{"total":6,"location_name":"Hipodroom","location_id":1}"
2026-07-18 18:37:58,EEST,3,T1,10,success,"{"total":10,"location_name":"T1 Shopping Mall","location_id":3}"
2026-07-18 18:37:58,EEST,9,Mustika,5,success,"{"total":5,"location_name":"Mustika","location_id":9}"
2026-07-18 18:37:58,EEST,10,Suur-Paala,3,success,"{"total":3,"location_name":"Suur-Paala","location_id":10}"
2026-07-18 18:39:58,EEST,1,Hipodroom,6,success,"{"total":6,"location_name":"Hipodroom","location_id":1}"
2026-07-18 18:39:58,EEST,3,T1,10,success,"{"total":10,"location_name":"T1 Shopping Mall","location_id":3}"
2026-07-18 18:39:58,EEST,9,Mustika,5,success,"{"total":5,"location_name":"Mustika","location_id":9}"
2026-07-18 18:39:58,EEST,10,Suur-Paala,3,success,"{"total":3,"location_name":"Suur-Paala","location_id":10}"
2026-07-18 18:41:59,EEST,1,Hipodroom,6,success,"{"total":6,"location_name":"Hipodroom","location_id":1}"
2026-07-18 18:41:59,EEST,3,T1,10,success,"{"total":10,"location_name":"T1 Shopping Mall","location_id":3}"
2026-07-18 18:41:59,EEST,9,Mustika,5,success,"{"total":5,"location_name":"Mustika","location_id":9}"
2026-07-18 18:41:59,EEST,10,Suur-Paala,3,success,"{"total":3,"location_name":"Suur-Paala","location_id":10}"
2026-07-18 18:43:59,EEST,1,Hipodroom,6,success,"{"total":6,"location_name":"Hipodroom","location_id":1}"
2026-07-18 18:43:59,EEST,3,T1,11,success,"{"total":11,"location_name":"T1 Shopping Mall","location_id":3}"
2026-07-18 18:43:59,EEST,9,Mustika,5,success,"{"total":5,"location_name":"Mustika","location_id":9}"
2026-07-18 18:43:59,EEST,10,Suur-Paala,3,success,"{"total":3,"location_name":"Suur-Paala","location_id":10}"
2026-07-18 18:46:00,EEST,1,Hipodroom,6,success,"{"total":6,"location_name":"Hipodroom","location_id":1}"
2026-07-18 18:46:00,EEST,3,T1,11,success,"{"total":11,"location_name":"T1 Shopping Mall","location_id":3}"
2026-07-18 18:46:00,EEST,9,Mustika,5,success,"{"total":5,"location_name":"Mustika","location_id":9}"
2026-07-18 18:46:00,EEST,10,Suur-Paala,3,success,"{"total":3,"location_name":"Suur-Paala","location_id":10}"
2026-07-18 18:48:00,EEST,1,Hipodroom,6,success,"{"total":6,"location_name":"Hipodroom","location_id":1}"
2026-07-18 18:48:00,EEST,3,T1,11,success,"{"total":11,"location_name":"T1 Shopping Mall","location_id":3}"
2026-07-18 18:48:00,EEST,9,Mustika,5,success,"{"total":5,"location_name":"Mustika","location_id":9}"
2026-07-18 18:48:00,EEST,10,Suur-Paala,3,success,"{"total":3,"location_name":"Suur-Paala","location_id":10}"
2026-07-18 18:50:00,EEST,1,Hipodroom,6,success,"{"total":6,"location_name":"Hipodroom","location_id":1}"
2026-07-18 18:50:00,EEST,3,T1,11,success,"{"total":11,"location_name":"T1 Shopping Mall","location_id":3}"
2026-07-18 18:50:00,EEST,9,Mustika,7,success,"{"total":7,"location_name":"Mustika","location_id":9}"
2026-07-18 18:50:00,EEST,10,Suur-Paala,3,success,"{"total":3,"location_name":"Suur-Paala","location_id":10}"
2026-07-18 18:52:01,EEST,1,Hipodroom,6,success,"{"total":6,"location_name":"Hipodroom","location_id":1}"
2026-07-18 18:52:01,EEST,3,T1,11,success,"{"total":11,"location_name":"T1 Shopping Mall","location_id":3}"
2026-07-18 18:52:01,EEST,9,Mustika,7,success,"{"total":7,"location_name":"Mustika","location_id":9}"
2026-07-18 18:52:01,EEST,10,Suur-Paala,3,success,"{"total":3,"location_name":"Suur-Paala","location_id":10}"
2026-07-18 18:54:01,EEST,1,Hipodroom,6,success,"{"total":6,"location_name":"Hipodroom","location_id":1}"
2026-07-18 18:54:01,EEST,3,T1,12,success,"{"total":12,"location_name":"T1 Shopping Mall","location_id":3}"
2026-07-18 18:54:01,EEST,9,Mustika,6,success,"{"total":6,"location_name":"Mustika","location_id":9}"
2026-07-18 18:54:01,EEST,10,Suur-Paala,3,success,"{"total":3,"location_name":"Suur-Paala","location_id":10}"
2026-07-18 18:56:02,EEST,1,Hipodroom,6,success,"{"total":6,"location_name":"Hipodroom","location_id":1}"
2026-07-18 18:56:02,EEST,3,T1,12,success,"{"total":12,"location_name":"T1 Shopping Mall","location_id":3}"
2026-07-18 18:56:02,EEST,9,Mustika,6,success,"{"total":6,"location_name":"Mustika","location_id":9}"
2026-07-18 18:56:02,EEST,10,Suur-Paala,2,success,"{"total":2,"location_name":"Suur-Paala","location_id":10}"
2026-07-18 18:58:02,EEST,1,Hipodroom,6,success,"{"total":6,"location_name":"Hipodroom","location_id":1}"
2026-07-18 18:58:02,EEST,3,T1,12,success,"{"total":12,"location_name":"T1 Shopping Mall","location_id":3}"
2026-07-18 18:58:02,EEST,9,Mustika,6,success,"{"total":6,"location_name":"Mustika","location_id":9}"
2026-07-18 18:58:02,EEST,10,Suur-Paala,2,success,"{"total":2,"location_name":"Suur-Paala","location_id":10}"
2026-07-18 19:00:03,EEST,1,Hipodroom,6,success,"{"total":6,"location_name":"Hipodroom","location_id":1}"
2026-07-18 19:00:03,EEST,3,T1,13,success,"{"total":13,"location_name":"T1 Shopping Mall","location_id":3}"
2026-07-18 19:00:03,EEST,9,Mustika,6,success,"{"total":6,"location_name":"Mustika","location_id":9}"
2026-07-18 19:00:03,EEST,10,Suur-Paala,2,success,"{"total":2,"location_name":"Suur-Paala","location_id":10}"
2026-07-18 19:02:04,EEST,1,Hipodroom,6,success,"{"total":6,"location_name":"Hipodroom","location_id":1}"
2026-07-18 19:02:04,EEST,3,T1,13,success,"{"total":13,"location_name":"T1 Shopping Mall","location_id":3}"
2026-07-18 19:02:04,EEST,9,Mustika,6,success,"{"total":6,"location_name":"Mustika","location_id":9}"
2026-07-18 19:02:04,EEST,10,Suur-Paala,1,success,"{"total":1,"location_name":"Suur-Paala","location_id":10}"
2026-07-18 19:04:04,EEST,1,Hipodroom,6,success,"{"total":6,"location_name":"Hipodroom","location_id":1}"
2026-07-18 19:04:04,EEST,3,T1,13,success,"{"total":13,"location_name":"T1 Shopping Mall","location_id":3}"
2026-07-18 19:04:04,EEST,9,Mustika,6,success,"{"total":6,"location_name":"Mustika","location_id":9}"
2026-07-18 19:04:04,EEST,10,Suur-Paala,1,success,"{"total":1,"location_name":"Suur-Paala","location_id":10}"
2026-07-18 19:06:04,EEST,1,Hipodroom,5,success,"{"total":5,"location_name":"Hipodroom","location_id":1}"
2026-07-18 19:06:04,EEST,3,T1,14,success,"{"total":14,"location_name":"T1 Shopping Mall","location_id":3}"
2026-07-18 19:06:04,EEST,9,Mustika,6,success,"{"total":6,"location_name":"Mustika","location_id":9}"
2026-07-18 19:06:04,EEST,10,Suur-Paala,1,success,"{"total":1,"location_name":"Suur-Paala","location_id":10}"
2026-07-18 19:08:05,EEST,1,Hipodroom,5,success,"{"total":5,"location_name":"Hipodroom","location_id":1}"
2026-07-18 19:08:05,EEST,3,T1,14,success,"{"total":14,"location_name":"T1 Shopping Mall","location_id":3}"
2026-07-18 19:08:05,EEST,9,Mustika,6,success,"{"total":6,"location_name":"Mustika","location_id":9}"
2026-07-18 19:08:05,EEST,10,Suur-Paala,1,success,"{"total":1,"location_name":"Suur-Paala","location_id":10}"
2026-07-18 19:10:06,EEST,1,Hipodroom,5,success,"{"total":5,"location_name":"Hipodroom","location_id":1}"
2026-07-18 19:10:06,EEST,3,T1,14,success,"{"total":14,"location_name":"T1 Shopping Mall","location_id":3}"
2026-07-18 19:10:06,EEST,9,Mustika,6,success,"{"total":6,"location_name":"Mustika","location_id":9}"
2026-07-18 19:10:06,EEST,10,Suur-Paala,1,success,"{"total":1,"location_name":"Suur-Paala","location_id":10}"
2026-07-18 19:12:06,EEST,1,Hipodroom,5,success,"{"total":5,"location_name":"Hipodroom","location_id":1}"
2026-07-18 19:12:06,EEST,3,T1,17,success,"{"total":17,"location_name":"T1 Shopping Mall","location_id":3}"
2026-07-18 19:12:06,EEST,9,Mustika,6,success,"{"total":6,"location_name":"Mustika","location_id":9}"
2026-07-18 19:12:06,EEST,10,Suur-Paala,1,success,"{"total":1,"location_name":"Suur-Paala","location_id":10}"
2026-07-18 19:14:07,EEST,1,Hipodroom,5,success,"{"total":5,"location_name":"Hipodroom","location_id":1}"
2026-07-18 19:14:07,EEST,3,T1,17,success,"{"total":17,"location_name":"T1 Shopping Mall","location_id":3}"
2026-07-18 19:14:07,EEST,9,Mustika,6,success,"{"total":6,"location_name":"Mustika","location_id":9}"
2026-07-18 19:14:07,EEST,10,Suur-Paala,1,success,"{"total":1,"location_name":"Suur-Paala","location_id":10}"
2026-07-18 19:16:07,EEST,1,Hipodroom,5,success,"{"total":5,"location_name":"Hipodroom","location_id":1}"
2026-07-18 19:16:07,EEST,3,T1,17,success,"{"total":17,"location_name":"T1 Shopping Mall","location_id":3}"
2026-07-18 19:16:07,EEST,9,Mustika,6,success,"{"total":6,"location_name":"Mustika","location_id":9}"
2026-07-18 19:16:07,EEST,10,Suur-Paala,1,success,"{"total":1,"location_name":"Suur-Paala","location_id":10}"
2026-07-18 19:18:08,EEST,1,Hipodroom,5,success,"{"total":5,"location_name":"Hipodroom","location_id":1}"
2026-07-18 19:18:08,EEST,3,T1,14,success,"{"total":14,"location_name":"T1 Shopping Mall","location_id":3}"
2026-07-18 19:18:08,EEST,9,Mustika,6,success,"{"total":6,"location_name":"Mustika","location_id":9}"
2026-07-18 19:18:08,EEST,10,Suur-Paala,1,success,"{"total":1,"location_name":"Suur-Paala","location_id":10}"
2026-07-18 19:20:08,EEST,1,Hipodroom,5,success,"{"total":5,"location_name":"Hipodroom","location_id":1}"
2026-07-18 19:20:08,EEST,3,T1,14,success,"{"total":14,"location_name":"T1 Shopping Mall","location_id":3}"
2026-07-18 19:20:08,EEST,9,Mustika,6,success,"{"total":6,"location_name":"Mustika","location_id":9}"
2026-07-18 19:20:08,EEST,10,Suur-Paala,2,success,"{"total":2,"location_name":"Suur-Paala","location_id":10}"
2026-07-18 19:22:09,EEST,1,Hipodroom,5,success,"{"total":5,"location_name":"Hipodroom","location_id":1}"
2026-07-18 19:22:09,EEST,3,T1,14,success,"{"total":14,"location_name":"T1 Shopping Mall","location_id":3}"
2026-07-18 19:22:09,EEST,9,Mustika,6,success,"{"total":6,"location_name":"Mustika","location_id":9}"
2026-07-18 19:22:09,EEST,10,Suur-Paala,2,success,"{"total":2,"location_name":"Suur-Paala","location_id":10}"
2026-07-18 19:24:09,EEST,1,Hipodroom,4,success,"{"total":4,"location_name":"Hipodroom","location_id":1}"
2026-07-18 19:24:09,EEST,3,T1,14,success,"{"total":14,"location_name":"T1 Shopping Mall","location_id":3}"
2026-07-18 19:24:09,EEST,9,Mustika,6,success,"{"total":6,"location_name":"Mustika","location_id":9}"
2026-07-18 19:24:09,EEST,10,Suur-Paala,2,success,"{"total":2,"location_name":"Suur-Paala","location_id":10}"
2026-07-18 19:26:10,EEST,1,Hipodroom,4,success,"{"total":4,"location_name":"Hipodroom","location_id":1}"
2026-07-18 19:26:10,EEST,3,T1,14,success,"{"total":14,"location_name":"T1 Shopping Mall","location_id":3}"
2026-07-18 19:26:10,EEST,9,Mustika,6,success,"{"total":6,"location_name":"Mustika","location_id":9}"
2026-07-18 19:26:10,EEST,10,Suur-Paala,2,success,"{"total":2,"location_name":"Suur-Paala","location_id":10}"
2026-07-18 19:28:10,EEST,1,Hipodroom,4,success,"{"total":4,"location_name":"Hipodroom","location_id":1}"
2026-07-18 19:28:10,EEST,3,T1,14,success,"{"total":14,"location_name":"T1 Shopping Mall","location_id":3}"
2026-07-18 19:28:10,EEST,9,Mustika,6,success,"{"total":6,"location_name":"Mustika","location_id":9}"
2026-07-18 19:28:10,EEST,10,Suur-Paala,2,success,"{"total":2,"location_name":"Suur-Paala","location_id":10}"
2026-07-18 19:30:11,EEST,1,Hipodroom,2,success,"{"total":2,"location_name":"Hipodroom","location_id":1}"
2026-07-18 19:30:11,EEST,3,T1,13,success,"{"total":13,"location_name":"T1 Shopping Mall","location_id":3}"
2026-07-18 19:30:11,EEST,9,Mustika,6,success,"{"total":6,"location_name":"Mustika","location_id":9}"
2026-07-18 19:30:11,EEST,10,Suur-Paala,2,success,"{"total":2,"location_name":"Suur-Paala","location_id":10}"
2026-07-18 19:32:11,EEST,1,Hipodroom,2,success,"{"total":2,"location_name":"Hipodroom","location_id":1}"
2026-07-18 19:32:11,EEST,3,T1,13,success,"{"total":13,"location_name":"T1 Shopping Mall","location_id":3}"
2026-07-18 19:32:11,EEST,9,Mustika,6,success,"{"total":6,"location_name":"Mustika","location_id":9}"
2026-07-18 19:32:11,EEST,10,Suur-Paala,2,success,"{"total":2,"location_name":"Suur-Paala","location_id":10}"
2026-07-18 19:34:12,EEST,1,Hipodroom,2,success,"{"total":2,"location_name":"Hipodroom","location_id":1}"
2026-07-18 19:34:12,EEST,3,T1,13,success,"{"total":13,"location_name":"T1 Shopping Mall","location_id":3}"
2026-07-18 19:34:12,EEST,9,Mustika,6,success,"{"total":6,"location_name":"Mustika","location_id":9}"
2026-07-18 19:34:12,EEST,10,Suur-Paala,2,success,"{"total":2,"location_name":"Suur-Paala","location_id":10}"
2026-07-18 19:36:12,EEST,1,Hipodroom,3,success,"{"total":3,"location_name":"Hipodroom","location_id":1}"
2026-07-18 19:36:12,EEST,3,T1,11,success,"{"total":11,"location_name":"T1 Shopping Mall","location_id":3}"
2026-07-18 19:36:12,EEST,9,Mustika,6,success,"{"total":6,"location_name":"Mustika","location_id":9}"
2026-07-18 19:36:12,EEST,10,Suur-Paala,2,success,"{"total":2,"location_name":"Suur-Paala","location_id":10}"
2026-07-18 19:38:13,EEST,1,Hipodroom,3,success,"{"total":3,"location_name":"Hipodroom","location_id":1}"
2026-07-18 19:38:13,EEST,3,T1,11,success,"{"total":11,"location_name":"T1 Shopping Mall","location_id":3}"
2026-07-18 19:38:13,EEST,9,Mustika,6,success,"{"total":6,"location_name":"Mustika","location_id":9}"
2026-07-18 19:38:13,EEST,10,Suur-Paala,2,success,"{"total":2,"location_name":"Suur-Paala","location_id":10}"
2026-07-18 19:40:13,EEST,1,Hipodroom,3,success,"{"total":3,"location_name":"Hipodroom","location_id":1}"
2026-07-18 19:40:13,EEST,3,T1,11,success,"{"total":11,"location_name":"T1 Shopping Mall","location_id":3}"
2026-07-18 19:40:13,EEST,9,Mustika,6,success,"{"total":6,"location_name":"Mustika","location_id":9}"
2026-07-18 19:40:13,EEST,10,Suur-Paala,2,success,"{"total":2,"location_name":"Suur-Paala","location_id":10}"
2026-07-18 19:42:14,EEST,1,Hipodroom,3,success,"{"total":3,"location_name":"Hipodroom","location_id":1}"
2026-07-18 19:42:14,EEST,3,T1,12,success,"{"total":12,"location_name":"T1 Shopping Mall","location_id":3}"
2026-07-18 19:42:14,EEST,9,Mustika,6,success,"{"total":6,"location_name":"Mustika","location_id":9}"
2026-07-18 19:42:14,EEST,10,Suur-Paala,2,success,"{"total":2,"location_name":"Suur-Paala","location_id":10}"
2026-07-18 19:44:14,EEST,1,Hipodroom,3,success,"{"total":3,"location_name":"Hipodroom","location_id":1}"
2026-07-18 19:44:14,EEST,3,T1,12,success,"{"total":12,"location_name":"T1 Shopping Mall","location_id":3}"
2026-07-18 19:44:14,EEST,9,Mustika,6,success,"{"total":6,"location_name":"Mustika","location_id":9}"
2026-07-18 19:44:14,EEST,10,Suur-Paala,2,success,"{"total":2,"location_name":"Suur-Paala","location_id":10}"
2026-07-18 19:46:14,EEST,1,Hipodroom,3,success,"{"total":3,"location_name":"Hipodroom","location_id":1}"
2026-07-18 19:46:14,EEST,3,T1,12,success,"{"total":12,"location_name":"T1 Shopping Mall","location_id":3}"
2026-07-18 19:46:14,EEST,9,Mustika,6,success,"{"total":6,"location_name":"Mustika","location_id":9}"
2026-07-18 19:46:14,EEST,10,Suur-Paala,2,success,"{"total":2,"location_name":"Suur-Paala","location_id":10}"
2026-07-18 19:48:15,EEST,1,Hipodroom,3,success,"{"total":3,"location_name":"Hipodroom","location_id":1}"
2026-07-18 19:48:15,EEST,3,T1,12,success,"{"total":12,"location_name":"T1 Shopping Mall","location_id":3}"
2026-07-18 19:48:15,EEST,9,Mustika,6,success,"{"total":6,"location_name":"Mustika","location_id":9}"
2026-07-18 19:48:15,EEST,10,Suur-Paala,2,success,"{"total":2,"location_name":"Suur-Paala","location_id":10}"
2026-07-18 19:50:15,EEST,1,Hipodroom,3,success,"{"total":3,"location_name":"Hipodroom","location_id":1}"
2026-07-18 19:50:15,EEST,3,T1,12,success,"{"total":12,"location_name":"T1 Shopping Mall","location_id":3}"
2026-07-18 19:50:15,EEST,9,Mustika,6,success,"{"total":6,"location_name":"Mustika","location_id":9}"
2026-07-18 19:50:15,EEST,10,Suur-Paala,2,success,"{"total":2,"location_name":"Suur-Paala","location_id":10}"
2026-07-18 19:52:16,EEST,1,Hipodroom,3,success,"{"total":3,"location_name":"Hipodroom","location_id":1}"
2026-07-18 19:52:16,EEST,3,T1,12,success,"{"total":12,"location_name":"T1 Shopping Mall","location_id":3}"
2026-07-18 19:52:16,EEST,9,Mustika,6,success,"{"total":6,"location_name":"Mustika","location_id":9}"
2026-07-18 19:52:16,EEST,10,Suur-Paala,2,success,"{"total":2,"location_name":"Suur-Paala","location_id":10}"
2026-07-18 19:54:16,EEST,1,Hipodroom,3,success,"{"total":3,"location_name":"Hipodroom","location_id":1}"
2026-07-18 19:54:16,EEST,3,T1,12,success,"{"total":12,"location_name":"T1 Shopping Mall","location_id":3}"
2026-07-18 19:54:16,EEST,9,Mustika,5,success,"{"total":5,"location_name":"Mustika","location_id":9}"
2026-07-18 19:54:16,EEST,10,Suur-Paala,2,success,"{"total":2,"location_name":"Suur-Paala","location_id":10}"
2026-07-18 19:56:17,EEST,1,Hipodroom,3,success,"{"total":3,"location_name":"Hipodroom","location_id":1}"
2026-07-18 19:56:17,EEST,3,T1,12,success,"{"total":12,"location_name":"T1 Shopping Mall","location_id":3}"
2026-07-18 19:56:17,EEST,9,Mustika,5,success,"{"total":5,"location_name":"Mustika","location_id":9}"
2026-07-18 19:56:17,EEST,10,Suur-Paala,2,success,"{"total":2,"location_name":"Suur-Paala","location_id":10}"
2026-07-18 19:58:17,EEST,1,Hipodroom,3,success,"{"total":3,"location_name":"Hipodroom","location_id":1}"
2026-07-18 19:58:17,EEST,3,T1,12,success,"{"total":12,"location_name":"T1 Shopping Mall","location_id":3}"
2026-07-18 19:58:17,EEST,9,Mustika,5,success,"{"total":5,"location_name":"Mustika","location_id":9}"
2026-07-18 19:58:17,EEST,10,Suur-Paala,2,success,"{"total":2,"location_name":"Suur-Paala","location_id":10}"
2026-07-18 20:00:18,EEST,1,Hipodroom,2,success,"{"total":2,"location_name":"Hipodroom","location_id":1}"
2026-07-18 20:00:18,EEST,3,T1,12,success,"{"total":12,"location_name":"T1 Shopping Mall","location_id":3}"
2026-07-18 20:00:18,EEST,9,Mustika,6,success,"{"total":6,"location_name":"Mustika","location_id":9}"
2026-07-18 20:00:18,EEST,10,Suur-Paala,2,success,"{"total":2,"location_name":"Suur-Paala","location_id":10}"
2026-07-18 20:02:18,EEST,1,Hipodroom,2,success,"{"total":2,"location_name":"Hipodroom","location_id":1}"
2026-07-18 20:02:18,EEST,3,T1,12,success,"{"total":12,"location_name":"T1 Shopping Mall","location_id":3}"
2026-07-18 20:02:18,EEST,9,Mustika,6,success,"{"total":6,"location_name":"Mustika","location_id":9}"
2026-07-18 20:02:18,EEST,10,Suur-Paala,2,success,"{"total":2,"location_name":"Suur-Paala","location_id":10}"
2026-07-18 20:04:19,EEST,1,Hipodroom,2,success,"{"total":2,"location_name":"Hipodroom","location_id":1}"
2026-07-18 20:04:19,EEST,3,T1,12,success,"{"total":12,"location_name":"T1 Shopping Mall","location_id":3}"
2026-07-18 20:04:19,EEST,9,Mustika,6,success,"{"total":6,"location_name":"Mustika","location_id":9}"
2026-07-18 20:04:19,EEST,10,Suur-Paala,2,success,"{"total":2,"location_name":"Suur-Paala","location_id":10}"
2026-07-18 20:06:19,EEST,1,Hipodroom,2,success,"{"total":2,"location_name":"Hipodroom","location_id":1}"
2026-07-18 20:06:19,EEST,3,T1,11,success,"{"total":11,"location_name":"T1 Shopping Mall","location_id":3}"
2026-07-18 20:06:19,EEST,9,Mustika,6,success,"{"total":6,"location_name":"Mustika","location_id":9}"
2026-07-18 20:06:19,EEST,10,Suur-Paala,2,success,"{"total":2,"location_name":"Suur-Paala","location_id":10}"
2026-07-18 20:08:19,EEST,1,Hipodroom,2,success,"{"total":2,"location_name":"Hipodroom","location_id":1}"
2026-07-18 20:08:19,EEST,3,T1,11,success,"{"total":11,"location_name":"T1 Shopping Mall","location_id":3}"
2026-07-18 20:08:19,EEST,9,Mustika,6,success,"{"total":6,"location_name":"Mustika","location_id":9}"
2026-07-18 20:08:19,EEST,10,Suur-Paala,2,success,"{"total":2,"location_name":"Suur-Paala","location_id":10}"
2026-07-18 20:10:20,EEST,1,Hipodroom,2,success,"{"total":2,"location_name":"Hipodroom","location_id":1}"
2026-07-18 20:10:20,EEST,3,T1,11,success,"{"total":11,"location_name":"T1 Shopping Mall","location_id":3}"
2026-07-18 20:10:20,EEST,9,Mustika,6,success,"{"total":6,"location_name":"Mustika","location_id":9}"
2026-07-18 20:10:20,EEST,10,Suur-Paala,2,success,"{"total":2,"location_name":"Suur-Paala","location_id":10}"
2026-07-18 20:12:20,EEST,1,Hipodroom,2,success,"{"total":2,"location_name":"Hipodroom","location_id":1}"
2026-07-18 20:12:20,EEST,3,T1,11,success,"{"total":11,"location_name":"T1 Shopping Mall","location_id":3}"
2026-07-18 20:12:20,EEST,9,Mustika,4,success,"{"total":4,"location_name":"Mustika","location_id":9}"
2026-07-18 20:12:20,EEST,10,Suur-Paala,2,success,"{"total":2,"location_name":"Suur-Paala","location_id":10}"
2026-07-18 20:14:21,EEST,1,Hipodroom,2,success,"{"total":2,"location_name":"Hipodroom","location_id":1}"
2026-07-18 20:14:21,EEST,3,T1,11,success,"{"total":11,"location_name":"T1 Shopping Mall","location_id":3}"
2026-07-18 20:14:21,EEST,9,Mustika,4,success,"{"total":4,"location_name":"Mustika","location_id":9}"
2026-07-18 20:14:21,EEST,10,Suur-Paala,2,success,"{"total":2,"location_name":"Suur-Paala","location_id":10}"
2026-07-18 20:16:21,EEST,1,Hipodroom,2,success,"{"total":2,"location_name":"Hipodroom","location_id":1}"
2026-07-18 20:16:21,EEST,3,T1,11,success,"{"total":11,"location_name":"T1 Shopping Mall","location_id":3}"
2026-07-18 20:16:21,EEST,9,Mustika,4,success,"{"total":4,"location_name":"Mustika","location_id":9}"
2026-07-18 20:16:21,EEST,10,Suur-Paala,2,success,"{"total":2,"location_name":"Suur-Paala","location_id":10}"
2026-07-18 20:18:22,EEST,1,Hipodroom,3,success,"{"total":3,"location_name":"Hipodroom","location_id":1}"
2026-07-18 20:18:22,EEST,3,T1,11,success,"{"total":11,"location_name":"T1 Shopping Mall","location_id":3}"
2026-07-18 20:18:22,EEST,9,Mustika,4,success,"{"total":4,"location_name":"Mustika","location_id":9}"
2026-07-18 20:18:22,EEST,10,Suur-Paala,2,success,"{"total":2,"location_name":"Suur-Paala","location_id":10}"
2026-07-18 20:20:22,EEST,1,Hipodroom,3,success,"{"total":3,"location_name":"Hipodroom","location_id":1}"
2026-07-18 20:20:22,EEST,3,T1,11,success,"{"total":11,"location_name":"T1 Shopping Mall","location_id":3}"
2026-07-18 20:20:22,EEST,9,Mustika,4,success,"{"total":4,"location_name":"Mustika","location_id":9}"
2026-07-18 20:20:22,EEST,10,Suur-Paala,2,success,"{"total":2,"location_name":"Suur-Paala","location_id":10}"
2026-07-18 20:22:23,EEST,1,Hipodroom,3,success,"{"total":3,"location_name":"Hipodroom","location_id":1}"
2026-07-18 20:22:23,EEST,3,T1,11,success,"{"total":11,"location_name":"T1 Shopping Mall","location_id":3}"
2026-07-18 20:22:23,EEST,9,Mustika,4,success,"{"total":4,"location_name":"Mustika","location_id":9}"
2026-07-18 20:22:23,EEST,10,Suur-Paala,2,success,"{"total":2,"location_name":"Suur-Paala","location_id":10}"
2026-07-18 20:24:23,EEST,1,Hipodroom,3,success,"{"total":3,"location_name":"Hipodroom","location_id":1}"
2026-07-18 20:24:23,EEST,3,T1,11,success,"{"total":11,"location_name":"T1 Shopping Mall","location_id":3}"
2026-07-18 20:24:23,EEST,9,Mustika,5,success,"{"total":5,"location_name":"Mustika","location_id":9}"
2026-07-18 20:24:23,EEST,10,Suur-Paala,2,success,"{"total":2,"location_name":"Suur-Paala","location_id":10}"
2026-07-18 20:26:23,EEST,1,Hipodroom,3,success,"{"total":3,"location_name":"Hipodroom","location_id":1}"
2026-07-18 20:26:23,EEST,3,T1,11,success,"{"total":11,"location_name":"T1 Shopping Mall","location_id":3}"
2026-07-18 20:26:23,EEST,9,Mustika,5,success,"{"total":5,"location_name":"Mustika","location_id":9}"
2026-07-18 20:26:23,EEST,10,Suur-Paala,2,success,"{"total":2,"location_name":"Suur-Paala","location_id":10}"
2026-07-18 20:28:24,EEST,1,Hipodroom,3,success,"{"total":3,"location_name":"Hipodroom","location_id":1}"
2026-07-18 20:28:24,EEST,3,T1,11,success,"{"total":11,"location_name":"T1 Shopping Mall","location_id":3}"
2026-07-18 20:28:24,EEST,9,Mustika,5,success,"{"total":5,"location_name":"Mustika","location_id":9}"
2026-07-18 20:28:24,EEST,10,Suur-Paala,2,success,"{"total":2,"location_name":"Suur-Paala","location_id":10}"
2026-07-18 20:30:24,EEST,1,Hipodroom,3,success,"{"total":3,"location_name":"Hipodroom","location_id":1}"
2026-07-18 20:30:24,EEST,3,T1,12,success,"{"total":12,"location_name":"T1 Shopping Mall","location_id":3}"
2026-07-18 20:30:24,EEST,9,Mustika,5,success,"{"total":5,"location_name":"Mustika","location_id":9}"
2026-07-18 20:30:24,EEST,10,Suur-Paala,2,success,"{"total":2,"location_name":"Suur-Paala","location_id":10}"
2026-07-18 20:32:25,EEST,1,Hipodroom,3,success,"{"total":3,"location_name":"Hipodroom","location_id":1}"
2026-07-18 20:32:25,EEST,3,T1,12,success,"{"total":12,"location_name":"T1 Shopping Mall","location_id":3}"
2026-07-18 20:32:25,EEST,9,Mustika,5,success,"{"total":5,"location_name":"Mustika","location_id":9}"
2026-07-18 20:32:25,EEST,10,Suur-Paala,2,success,"{"total":2,"location_name":"Suur-Paala","location_id":10}"
2026-07-18 20:34:25,EEST,1,Hipodroom,3,success,"{"total":3,"location_name":"Hipodroom","location_id":1}"
2026-07-18 20:34:25,EEST,3,T1,12,success,"{"total":12,"location_name":"T1 Shopping Mall","location_id":3}"
2026-07-18 20:34:25,EEST,9,Mustika,5,success,"{"total":5,"location_name":"Mustika","location_id":9}"
2026-07-18 20:34:25,EEST,10,Suur-Paala,2,success,"{"total":2,"location_name":"Suur-Paala","location_id":10}"
2026-07-18 20:36:26,EEST,1,Hipodroom,3,success,"{"total":3,"location_name":"Hipodroom","location_id":1}"
2026-07-18 20:36:26,EEST,3,T1,12,success,"{"total":12,"location_name":"T1 Shopping Mall","location_id":3}"
2026-07-18 20:36:26,EEST,9,Mustika,5,success,"{"total":5,"location_name":"Mustika","location_id":9}"
2026-07-18 20:36:26,EEST,10,Suur-Paala,2,success,"{"total":2,"location_name":"Suur-Paala","location_id":10}"
2026-07-18 20:47:21,EEST,1,Hipodroom,3,success,"{"total":3,"location_name":"Hipodroom","location_id":1}"
2026-07-18 20:47:21,EEST,3,T1,14,success,"{"total":14,"location_name":"T1 Shopping Mall","location_id":3}"
2026-07-18 20:47:21,EEST,9,Mustika,5,success,"{"total":5,"location_name":"Mustika","location_id":9}"
2026-07-18 20:47:21,EEST,10,Suur-Paala,2,success,"{"total":2,"location_name":"Suur-Paala","location_id":10}"
2026-07-18 20:49:25,EEST,1,Hipodroom,3,success,"{"total":3,"location_name":"Hipodroom","location_id":1}"
2026-07-18 20:49:25,EEST,3,T1,14,success,"{"total":14,"location_name":"T1 Shopping Mall","location_id":3}"
2026-07-18 20:49:25,EEST,9,Mustika,5,success,"{"total":5,"location_name":"Mustika","location_id":9}"
2026-07-18 20:49:25,EEST,10,Suur-Paala,2,success,"{"total":2,"location_name":"Suur-Paala","location_id":10}"
2026-07-18 20:51:25,EEST,1,Hipodroom,3,success,"{"total":3,"location_name":"Hipodroom","location_id":1}"
2026-07-18 20:51:25,EEST,3,T1,14,success,"{"total":14,"location_name":"T1 Shopping Mall","location_id":3}"
2026-07-18 20:51:25,EEST,9,Mustika,5,success,"{"total":5,"location_name":"Mustika","location_id":9}"
2026-07-18 20:51:25,EEST,10,Suur-Paala,2,success,"{"total":2,"location_name":"Suur-Paala","location_id":10}"
2026-07-18 20:53:25,EEST,1,Hipodroom,3,success,"{"total":3,"location_name":"Hipodroom","location_id":1}"
2026-07-18 20:53:25,EEST,3,T1,14,success,"{"total":14,"location_name":"T1 Shopping Mall","location_id":3}"
2026-07-18 20:53:25,EEST,9,Mustika,5,success,"{"total":5,"location_name":"Mustika","location_id":9}"
2026-07-18 20:53:25,EEST,10,Suur-Paala,2,success,"{"total":2,"location_name":"Suur-Paala","location_id":10}"
2026-07-18 20:55:26,EEST,1,Hipodroom,3,success,"{"total":3,"location_name":"Hipodroom","location_id":1}"
2026-07-18 20:55:26,EEST,3,T1,14,success,"{"total":14,"location_name":"T1 Shopping Mall","location_id":3}"
2026-07-18 20:55:26,EEST,9,Mustika,5,success,"{"total":5,"location_name":"Mustika","location_id":9}"
2026-07-18 20:55:26,EEST,10,Suur-Paala,2,success,"{"total":2,"location_name":"Suur-Paala","location_id":10}"
2026-07-18 21:18:49,EEST,1,Hipodroom,4,success,"{"total":4,"location_name":"Hipodroom","location_id":1}"
2026-07-18 21:18:49,EEST,3,T1,13,success,"{"total":13,"location_name":"T1 Shopping Mall","location_id":3}"
2026-07-18 21:18:49,EEST,9,Mustika,5,success,"{"total":5,"location_name":"Mustika","location_id":9}"
2026-07-18 21:18:49,EEST,10,Suur-Paala,1,success,"{"total":1,"location_name":"Suur-Paala","location_id":10}"
2026-07-18 21:20:50,EEST,1,Hipodroom,4,success,"{"total":4,"location_name":"Hipodroom","location_id":1}"
2026-07-18 21:20:50,EEST,3,T1,13,success,"{"total":13,"location_name":"T1 Shopping Mall","location_id":3}"
2026-07-18 21:20:50,EEST,9,Mustika,5,success,"{"total":5,"location_name":"Mustika","location_id":9}"
2026-07-18 21:20:50,EEST,10,Suur-Paala,1,success,"{"total":1,"location_name":"Suur-Paala","location_id":10}"
2026-07-18 21:22:51,EEST,1,Hipodroom,4,success,"{"total":4,"location_name":"Hipodroom","location_id":1}"
2026-07-18 21:22:51,EEST,3,T1,13,success,"{"total":13,"location_name":"T1 Shopping Mall","location_id":3}"
2026-07-18 21:22:51,EEST,9,Mustika,5,success,"{"total":5,"location_name":"Mustika","location_id":9}"
2026-07-18 21:22:51,EEST,10,Suur-Paala,1,success,"{"total":1,"location_name":"Suur-Paala","location_id":10}"
2026-07-18 21:24:51,EEST,1,Hipodroom,5,success,"{"total":5,"location_name":"Hipodroom","location_id":1}"
2026-07-18 21:24:51,EEST,3,T1,13,success,"{"total":13,"location_name":"T1 Shopping Mall","location_id":3}"
2026-07-18 21:24:51,EEST,9,Mustika,5,success,"{"total":5,"location_name":"Mustika","location_id":9}"
2026-07-18 21:24:51,EEST,10,Suur-Paala,1,success,"{"total":1,"location_name":"Suur-Paala","location_id":10}"
2026-07-18 21:26:24,EEST,1,Hipodroom,5,success,"{"total":5,"location_name":"Hipodroom","location_id":1}"
2026-07-18 21:26:24,EEST,3,T1,13,success,"{"total":13,"location_name":"T1 Shopping Mall","location_id":3}"
2026-07-18 21:26:24,EEST,9,Mustika,5,success,"{"total":5,"location_name":"Mustika","location_id":9}"
2026-07-18 21:26:24,EEST,10,Suur-Paala,1,success,"{"total":1,"location_name":"Suur-Paala","location_id":10}"
2026-07-18 21:28:24,EEST,1,Hipodroom,5,success,"{"total":5,"location_name":"Hipodroom","location_id":1}"
2026-07-18 21:28:24,EEST,3,T1,13,success,"{"total":13,"location_name":"T1 Shopping Mall","location_id":3}"
2026-07-18 21:28:24,EEST,9,Mustika,5,success,"{"total":5,"location_name":"Mustika","location_id":9}"
2026-07-18 21:28:24,EEST,10,Suur-Paala,1,success,"{"total":1,"location_name":"Suur-Paala","location_id":10}"
2026-07-18 21:30:25,EEST,1,Hipodroom,5,success,"{"total":5,"location_name":"Hipodroom","location_id":1}"
2026-07-18 21:30:25,EEST,3,T1,12,success,"{"total":12,"location_name":"T1 Shopping Mall","location_id":3}"
2026-07-18 21:30:25,EEST,9,Mustika,5,success,"{"total":5,"location_name":"Mustika","location_id":9}"
2026-07-18 21:30:25,EEST,10,Suur-Paala,1,success,"{"total":1,"location_name":"Suur-Paala","location_id":10}"
2026-07-18 21:32:25,EEST,1,Hipodroom,5,success,"{"total":5,"location_name":"Hipodroom","location_id":1}"
2026-07-18 21:32:25,EEST,3,T1,12,success,"{"total":12,"location_name":"T1 Shopping Mall","location_id":3}"
2026-07-18 21:32:25,EEST,9,Mustika,5,success,"{"total":5,"location_name":"Mustika","location_id":9}"
2026-07-18 21:32:25,EEST,10,Suur-Paala,1,success,"{"total":1,"location_name":"Suur-Paala","location_id":10}"
2026-07-18 21:34:26,EEST,1,Hipodroom,5,success,"{"total":5,"location_name":"Hipodroom","location_id":1}"
2026-07-18 21:34:26,EEST,3,T1,12,success,"{"total":12,"location_name":"T1 Shopping Mall","location_id":3}"
2026-07-18 21:34:26,EEST,9,Mustika,5,success,"{"total":5,"location_name":"Mustika","location_id":9}"
2026-07-18 21:34:26,EEST,10,Suur-Paala,1,success,"{"total":1,"location_name":"Suur-Paala","location_id":10}"
2026-07-18 21:36:27,EEST,1,Hipodroom,5,success,"{"total":5,"location_name":"Hipodroom","location_id":1}"
2026-07-18 21:36:27,EEST,3,T1,11,success,"{"total":11,"location_name":"T1 Shopping Mall","location_id":3}"
2026-07-18 21:36:27,EEST,9,Mustika,5,success,"{"total":5,"location_name":"Mustika","location_id":9}"
2026-07-18 21:36:27,EEST,10,Suur-Paala,1,success,"{"total":1,"location_name":"Suur-Paala","location_id":10}"
2026-07-18 21:38:27,EEST,1,Hipodroom,5,success,"{"total":5,"location_name":"Hipodroom","location_id":1}"
2026-07-18 21:38:27,EEST,3,T1,11,success,"{"total":11,"location_name":"T1 Shopping Mall","location_id":3}"
2026-07-18 21:38:27,EEST,9,Mustika,5,success,"{"total":5,"location_name":"Mustika","location_id":9}"
2026-07-18 21:38:27,EEST,10,Suur-Paala,1,success,"{"total":1,"location_name":"Suur-Paala","location_id":10}"
2026-07-18 21:40:28,EEST,1,Hipodroom,5,success,"{"total":5,"location_name":"Hipodroom","location_id":1}"
2026-07-18 21:40:28,EEST,3,T1,11,success,"{"total":11,"location_name":"T1 Shopping Mall","location_id":3}"
2026-07-18 21:40:28,EEST,9,Mustika,5,success,"{"total":5,"location_name":"Mustika","location_id":9}"
2026-07-18 21:40:28,EEST,10,Suur-Paala,1,success,"{"total":1,"location_name":"Suur-Paala","location_id":10}"
2026-07-18 21:42:28,EEST,1,Hipodroom,4,success,"{"total":4,"location_name":"Hipodroom","location_id":1}"
2026-07-18 21:42:28,EEST,3,T1,10,success,"{"total":10,"location_name":"T1 Shopping Mall","location_id":3}"
2026-07-18 21:42:28,EEST,9,Mustika,5,success,"{"total":5,"location_name":"Mustika","location_id":9}"
2026-07-18 21:42:28,EEST,10,Suur-Paala,1,success,"{"total":1,"location_name":"Suur-Paala","location_id":10}"
2026-07-18 21:44:29,EEST,1,Hipodroom,4,success,"{"total":4,"location_name":"Hipodroom","location_id":1}"
2026-07-18 21:44:29,EEST,3,T1,10,success,"{"total":10,"location_name":"T1 Shopping Mall","location_id":3}"
2026-07-18 21:44:29,EEST,9,Mustika,5,success,"{"total":5,"location_name":"Mustika","location_id":9}"
2026-07-18 21:44:29,EEST,10,Suur-Paala,1,success,"{"total":1,"location_name":"Suur-Paala","location_id":10}"
2026-07-18 21:46:30,EEST,1,Hipodroom,4,success,"{"total":4,"location_name":"Hipodroom","location_id":1}"
2026-07-18 21:46:30,EEST,3,T1,10,success,"{"total":10,"location_name":"T1 Shopping Mall","location_id":3}"
2026-07-18 21:46:30,EEST,9,Mustika,5,success,"{"total":5,"location_name":"Mustika","location_id":9}"
2026-07-18 21:46:30,EEST,10,Suur-Paala,1,success,"{"total":1,"location_name":"Suur-Paala","location_id":10}"
2026-07-18 21:48:30,EEST,1,Hipodroom,4,success,"{"total":4,"location_name":"Hipodroom","location_id":1}"
2026-07-18 21:48:30,EEST,3,T1,10,success,"{"total":10,"location_name":"T1 Shopping Mall","location_id":3}"
2026-07-18 21:48:30,EEST,9,Mustika,3,success,"{"total":3,"location_name":"Mustika","location_id":9}"
2026-07-18 21:48:30,EEST,10,Suur-Paala,1,success,"{"total":1,"location_name":"Suur-Paala","location_id":10}"
2026-07-18 21:50:31,EEST,1,Hipodroom,4,success,"{"total":4,"location_name":"Hipodroom","location_id":1}"
2026-07-18 21:50:31,EEST,3,T1,10,success,"{"total":10,"location_name":"T1 Shopping Mall","location_id":3}"
2026-07-18 21:50:31,EEST,9,Mustika,3,success,"{"total":3,"location_name":"Mustika","location_id":9}"
2026-07-18 21:50:31,EEST,10,Suur-Paala,1,success,"{"total":1,"location_name":"Suur-Paala","location_id":10}"
2026-07-18 21:52:31,EEST,1,Hipodroom,4,success,"{"total":4,"location_name":"Hipodroom","location_id":1}"
2026-07-18 21:52:31,EEST,3,T1,10,success,"{"total":10,"location_name":"T1 Shopping Mall","location_id":3}"
2026-07-18 21:52:31,EEST,9,Mustika,3,success,"{"total":3,"location_name":"Mustika","location_id":9}"
2026-07-18 21:52:31,EEST,10,Suur-Paala,1,success,"{"total":1,"location_name":"Suur-Paala","location_id":10}"
2026-07-18 21:54:32,EEST,1,Hipodroom,4,success,"{"total":4,"location_name":"Hipodroom","location_id":1}"
2026-07-18 21:54:32,EEST,3,T1,9,success,"{"total":9,"location_name":"T1 Shopping Mall","location_id":3}"
2026-07-18 21:54:32,EEST,9,Mustika,3,success,"{"total":3,"location_name":"Mustika","location_id":9}"
2026-07-18 21:54:32,EEST,10,Suur-Paala,1,success,"{"total":1,"location_name":"Suur-Paala","location_id":10}"
2026-07-18 21:56:33,EEST,1,Hipodroom,4,success,"{"total":4,"location_name":"Hipodroom","location_id":1}"
2026-07-18 21:56:33,EEST,3,T1,9,success,"{"total":9,"location_name":"T1 Shopping Mall","location_id":3}"
2026-07-18 21:56:33,EEST,9,Mustika,3,success,"{"total":3,"location_name":"Mustika","location_id":9}"
2026-07-18 21:56:33,EEST,10,Suur-Paala,1,success,"{"total":1,"location_name":"Suur-Paala","location_id":10}"
2026-07-18 21:58:33,EEST,1,Hipodroom,4,success,"{"total":4,"location_name":"Hipodroom","location_id":1}"
2026-07-18 21:58:33,EEST,3,T1,9,success,"{"total":9,"location_name":"T1 Shopping Mall","location_id":3}"
2026-07-18 21:58:33,EEST,9,Mustika,3,success,"{"total":3,"location_name":"Mustika","location_id":9}"
2026-07-18 21:58:33,EEST,10,Suur-Paala,1,success,"{"total":1,"location_name":"Suur-Paala","location_id":10}"
2026-07-18 22:00:34,EEST,1,Hipodroom,4,success,"{"total":4,"location_name":"Hipodroom","location_id":1}"
2026-07-18 22:00:34,EEST,3,T1,8,success,"{"total":8,"location_name":"T1 Shopping Mall","location_id":3}"
2026-07-18 22:00:34,EEST,9,Mustika,3,success,"{"total":3,"location_name":"Mustika","location_id":9}"
2026-07-18 22:00:34,EEST,10,Suur-Paala,1,success,"{"total":1,"location_name":"Suur-Paala","location_id":10}"
2026-07-18 22:02:34,EEST,1,Hipodroom,4,success,"{"total":4,"location_name":"Hipodroom","location_id":1}"
2026-07-18 22:02:34,EEST,3,T1,8,success,"{"total":8,"location_name":"T1 Shopping Mall","location_id":3}"
2026-07-18 22:02:34,EEST,9,Mustika,3,success,"{"total":3,"location_name":"Mustika","location_id":9}"
2026-07-18 22:02:34,EEST,10,Suur-Paala,1,success,"{"total":1,"location_name":"Suur-Paala","location_id":10}"
2026-07-18 22:04:35,EEST,1,Hipodroom,4,success,"{"total":4,"location_name":"Hipodroom","location_id":1}"
2026-07-18 22:04:35,EEST,3,T1,8,success,"{"total":8,"location_name":"T1 Shopping Mall","location_id":3}"
2026-07-18 22:04:35,EEST,9,Mustika,3,success,"{"total":3,"location_name":"Mustika","location_id":9}"
2026-07-18 22:04:35,EEST,10,Suur-Paala,1,success,"{"total":1,"location_name":"Suur-Paala","location_id":10}"
2026-07-18 22:06:36,EEST,1,Hipodroom,4,success,"{"total":4,"location_name":"Hipodroom","location_id":1}"
2026-07-18 22:06:36,EEST,3,T1,8,success,"{"total":8,"location_name":"T1 Shopping Mall","location_id":3}"
2026-07-18 22:06:36,EEST,9,Mustika,3,success,"{"total":3,"location_name":"Mustika","location_id":9}"
2026-07-18 22:06:36,EEST,10,Suur-Paala,1,success,"{"total":1,"location_name":"Suur-Paala","location_id":10}"
2026-07-18 22:08:36,EEST,1,Hipodroom,4,success,"{"total":4,"location_name":"Hipodroom","location_id":1}"
2026-07-18 22:08:36,EEST,3,T1,8,success,"{"total":8,"location_name":"T1 Shopping Mall","location_id":3}"
2026-07-18 22:08:36,EEST,9,Mustika,3,success,"{"total":3,"location_name":"Mustika","location_id":9}"
2026-07-18 22:08:36,EEST,10,Suur-Paala,1,success,"{"total":1,"location_name":"Suur-Paala","location_id":10}"
2026-07-18 22:10:37,EEST,1,Hipodroom,4,success,"{"total":4,"location_name":"Hipodroom","location_id":1}"
2026-07-18 22:10:37,EEST,3,T1,8,success,"{"total":8,"location_name":"T1 Shopping Mall","location_id":3}"
2026-07-18 22:10:37,EEST,9,Mustika,3,success,"{"total":3,"location_name":"Mustika","location_id":9}"
2026-07-18 22:10:37,EEST,10,Suur-Paala,1,success,"{"total":1,"location_name":"Suur-Paala","location_id":10}"
2026-07-18 22:12:37,EEST,1,Hipodroom,4,success,"{"total":4,"location_name":"Hipodroom","location_id":1}"
2026-07-18 22:12:37,EEST,3,T1,6,success,"{"total":6,"location_name":"T1 Shopping Mall","location_id":3}"
2026-07-18 22:12:37,EEST,9,Mustika,3,success,"{"total":3,"location_name":"Mustika","location_id":9}"
2026-07-18 22:12:37,EEST,10,Suur-Paala,1,success,"{"total":1,"location_name":"Suur-Paala","location_id":10}"
2026-07-18 22:14:38,EEST,1,Hipodroom,4,success,"{"total":4,"location_name":"Hipodroom","location_id":1}"
2026-07-18 22:14:38,EEST,3,T1,6,success,"{"total":6,"location_name":"T1 Shopping Mall","location_id":3}"
2026-07-18 22:14:38,EEST,9,Mustika,3,success,"{"total":3,"location_name":"Mustika","location_id":9}"
2026-07-18 22:14:38,EEST,10,Suur-Paala,1,success,"{"total":1,"location_name":"Suur-Paala","location_id":10}"
2026-07-18 22:16:38,EEST,1,Hipodroom,4,success,"{"total":4,"location_name":"Hipodroom","location_id":1}"
2026-07-18 22:16:38,EEST,3,T1,6,success,"{"total":6,"location_name":"T1 Shopping Mall","location_id":3}"
2026-07-18 22:16:38,EEST,9,Mustika,3,success,"{"total":3,"location_name":"Mustika","location_id":9}"
2026-07-18 22:16:38,EEST,10,Suur-Paala,1,success,"{"total":1,"location_name":"Suur-Paala","location_id":10}"
2026-07-18 22:18:39,EEST,1,Hipodroom,4,success,"{"total":4,"location_name":"Hipodroom","location_id":1}"
2026-07-18 22:18:39,EEST,3,T1,6,success,"{"total":6,"location_name":"T1 Shopping Mall","location_id":3}"
2026-07-18 22:18:39,EEST,9,Mustika,3,success,"{"total":3,"location_name":"Mustika","location_id":9}"
2026-07-18 22:18:39,EEST,10,Suur-Paala,1,success,"{"total":1,"location_name":"Suur-Paala","location_id":10}"
2026-07-18 22:20:40,EEST,1,Hipodroom,4,success,"{"total":4,"location_name":"Hipodroom","location_id":1}"
2026-07-18 22:20:40,EEST,3,T1,6,success,"{"total":6,"location_name":"T1 Shopping Mall","location_id":3}"
2026-07-18 22:20:40,EEST,9,Mustika,3,success,"{"total":3,"location_name":"Mustika","location_id":9}"
2026-07-18 22:20:40,EEST,10,Suur-Paala,0,success,"{"total":0,"location_name":"Suur-Paala","location_id":10}"
2026-07-18 22:22:40,EEST,1,Hipodroom,4,success,"{"total":4,"location_name":"Hipodroom","location_id":1}"
2026-07-18 22:22:40,EEST,3,T1,6,success,"{"total":6,"location_name":"T1 Shopping Mall","location_id":3}"
2026-07-18 22:22:40,EEST,9,Mustika,3,success,"{"total":3,"location_name":"Mustika","location_id":9}"
2026-07-18 22:22:40,EEST,10,Suur-Paala,0,success,"{"total":0,"location_name":"Suur-Paala","location_id":10}"
2026-07-18 22:24:41,EEST,1,Hipodroom,4,success,"{"total":4,"location_name":"Hipodroom","location_id":1}"
2026-07-18 22:24:41,EEST,3,T1,6,success,"{"total":6,"location_name":"T1 Shopping Mall","location_id":3}"
2026-07-18 22:24:41,EEST,9,Mustika,3,success,"{"total":3,"location_name":"Mustika","location_id":9}"
2026-07-18 22:24:41,EEST,10,Suur-Paala,0,success,"{"total":0,"location_name":"Suur-Paala","location_id":10}"
2026-07-18 22:26:41,EEST,1,Hipodroom,4,success,"{"total":4,"location_name":"Hipodroom","location_id":1}"
2026-07-18 22:26:41,EEST,3,T1,6,success,"{"total":6,"location_name":"T1 Shopping Mall","location_id":3}"
2026-07-18 22:26:41,EEST,9,Mustika,3,success,"{"total":3,"location_name":"Mustika","location_id":9}"
2026-07-18 22:26:41,EEST,10,Suur-Paala,0,success,"{"total":0,"location_name":"Suur-Paala","location_id":10}"
2026-07-18 22:28:42,EEST,1,Hipodroom,4,success,"{"total":4,"location_name":"Hipodroom","location_id":1}"
2026-07-18 22:28:42,EEST,3,T1,6,success,"{"total":6,"location_name":"T1 Shopping Mall","location_id":3}"
2026-07-18 22:28:42,EEST,9,Mustika,3,success,"{"total":3,"location_name":"Mustika","location_id":9}"
2026-07-18 22:28:42,EEST,10,Suur-Paala,0,success,"{"total":0,"location_name":"Suur-Paala","location_id":10}"
2026-07-18 22:30:43,EEST,1,Hipodroom,3,success,"{"total":3,"location_name":"Hipodroom","location_id":1}"
2026-07-18 22:30:43,EEST,3,T1,6,success,"{"total":6,"location_name":"T1 Shopping Mall","location_id":3}"
2026-07-18 22:30:43,EEST,9,Mustika,3,success,"{"total":3,"location_name":"Mustika","location_id":9}"
2026-07-18 22:30:43,EEST,10,Suur-Paala,0,success,"{"total":0,"location_name":"Suur-Paala","location_id":10}"
2026-07-18 22:32:43,EEST,1,Hipodroom,3,success,"{"total":3,"location_name":"Hipodroom","location_id":1}"
2026-07-18 22:32:43,EEST,3,T1,6,success,"{"total":6,"location_name":"T1 Shopping Mall","location_id":3}"
2026-07-18 22:32:43,EEST,9,Mustika,3,success,"{"total":3,"location_name":"Mustika","location_id":9}"
2026-07-18 22:32:43,EEST,10,Suur-Paala,0,success,"{"total":0,"location_name":"Suur-Paala","location_id":10}"
2026-07-18 22:34:44,EEST,1,Hipodroom,3,success,"{"total":3,"location_name":"Hipodroom","location_id":1}"
2026-07-18 22:34:44,EEST,3,T1,6,success,"{"total":6,"location_name":"T1 Shopping Mall","location_id":3}"
2026-07-18 22:34:44,EEST,9,Mustika,3,success,"{"total":3,"location_name":"Mustika","location_id":9}"
2026-07-18 22:34:44,EEST,10,Suur-Paala,0,success,"{"total":0,"location_name":"Suur-Paala","location_id":10}"
2026-07-18 22:36:44,EEST,1,Hipodroom,4,success,"{"total":4,"location_name":"Hipodroom","location_id":1}"
2026-07-18 22:36:44,EEST,3,T1,6,success,"{"total":6,"location_name":"T1 Shopping Mall","location_id":3}"
2026-07-18 22:36:44,EEST,9,Mustika,3,success,"{"total":3,"location_name":"Mustika","location_id":9}"
2026-07-18 22:36:44,EEST,10,Suur-Paala,0,success,"{"total":0,"location_name":"Suur-Paala","location_id":10}"
2026-07-18 22:38:45,EEST,1,Hipodroom,4,success,"{"total":4,"location_name":"Hipodroom","location_id":1}"
2026-07-18 22:38:45,EEST,3,T1,6,success,"{"total":6,"location_name":"T1 Shopping Mall","location_id":3}"
2026-07-18 22:38:45,EEST,9,Mustika,3,success,"{"total":3,"location_name":"Mustika","location_id":9}"
2026-07-18 22:38:45,EEST,10,Suur-Paala,0,success,"{"total":0,"location_name":"Suur-Paala","location_id":10}"
2026-07-18 22:40:45,EEST,1,Hipodroom,4,success,"{"total":4,"location_name":"Hipodroom","location_id":1}"
2026-07-18 22:40:45,EEST,3,T1,6,success,"{"total":6,"location_name":"T1 Shopping Mall","location_id":3}"
2026-07-18 22:40:45,EEST,9,Mustika,3,success,"{"total":3,"location_name":"Mustika","location_id":9}"
2026-07-18 22:40:45,EEST,10,Suur-Paala,0,success,"{"total":0,"location_name":"Suur-Paala","location_id":10}"
2026-07-18 22:42:46,EEST,1,Hipodroom,4,success,"{"total":4,"location_name":"Hipodroom","location_id":1}"
2026-07-18 22:42:46,EEST,3,T1,5,success,"{"total":5,"location_name":"T1 Shopping Mall","location_id":3}"
2026-07-18 22:42:46,EEST,9,Mustika,3,success,"{"total":3,"location_name":"Mustika","location_id":9}"
2026-07-18 22:42:46,EEST,10,Suur-Paala,0,success,"{"total":0,"location_name":"Suur-Paala","location_id":10}"
2026-07-18 22:44:46,EEST,1,Hipodroom,4,success,"{"total":4,"location_name":"Hipodroom","location_id":1}"
2026-07-18 22:44:46,EEST,3,T1,5,success,"{"total":5,"location_name":"T1 Shopping Mall","location_id":3}"
2026-07-18 22:44:46,EEST,9,Mustika,3,success,"{"total":3,"location_name":"Mustika","location_id":9}"
2026-07-18 22:44:46,EEST,10,Suur-Paala,0,success,"{"total":0,"location_name":"Suur-Paala","location_id":10}"
2026-07-18 22:46:47,EEST,1,Hipodroom,4,success,"{"total":4,"location_name":"Hipodroom","location_id":1}"
2026-07-18 22:46:47,EEST,3,T1,5,success,"{"total":5,"location_name":"T1 Shopping Mall","location_id":3}"
2026-07-18 22:46:47,EEST,9,Mustika,3,success,"{"total":3,"location_name":"Mustika","location_id":9}"
2026-07-18 22:46:47,EEST,10,Suur-Paala,0,success,"{"total":0,"location_name":"Suur-Paala","location_id":10}"
2026-07-18 22:48:47,EEST,1,Hipodroom,4,success,"{"total":4,"location_name":"Hipodroom","location_id":1}"
2026-07-18 22:48:47,EEST,3,T1,5,success,"{"total":5,"location_name":"T1 Shopping Mall","location_id":3}"
2026-07-18 22:48:47,EEST,9,Mustika,3,success,"{"total":3,"location_name":"Mustika","location_id":9}"
2026-07-18 22:48:47,EEST,10,Suur-Paala,0,success,"{"total":0,"location_name":"Suur-Paala","location_id":10}"
2026-07-18 22:50:48,EEST,1,Hipodroom,4,success,"{"total":4,"location_name":"Hipodroom","location_id":1}"
2026-07-18 22:50:48,EEST,3,T1,5,success,"{"total":5,"location_name":"T1 Shopping Mall","location_id":3}"
2026-07-18 22:50:48,EEST,9,Mustika,3,success,"{"total":3,"location_name":"Mustika","location_id":9}"
2026-07-18 22:50:48,EEST,10,Suur-Paala,0,success,"{"total":0,"location_name":"Suur-Paala","location_id":10}"
2026-07-18 22:52:49,EEST,1,Hipodroom,4,success,"{"total":4,"location_name":"Hipodroom","location_id":1}"
2026-07-18 22:52:49,EEST,3,T1,5,success,"{"total":5,"location_name":"T1 Shopping Mall","location_id":3}"
2026-07-18 22:52:49,EEST,9,Mustika,3,success,"{"total":3,"location_name":"Mustika","location_id":9}"
2026-07-18 22:52:49,EEST,10,Suur-Paala,0,success,"{"total":0,"location_name":"Suur-Paala","location_id":10}"
2026-07-18 22:54:49,EEST,1,Hipodroom,4,success,"{"total":4,"location_name":"Hipodroom","location_id":1}"
2026-07-18 22:54:49,EEST,3,T1,5,success,"{"total":5,"location_name":"T1 Shopping Mall","location_id":3}"
2026-07-18 22:54:49,EEST,9,Mustika,3,success,"{"total":3,"location_name":"Mustika","location_id":9}"
2026-07-18 22:54:49,EEST,10,Suur-Paala,0,success,"{"total":0,"location_name":"Suur-Paala","location_id":10}"
2026-07-18 22:56:50,EEST,1,Hipodroom,4,success,"{"total":4,"location_name":"Hipodroom","location_id":1}"
2026-07-18 22:56:50,EEST,3,T1,5,success,"{"total":5,"location_name":"T1 Shopping Mall","location_id":3}"
2026-07-18 22:56:50,EEST,9,Mustika,3,success,"{"total":3,"location_name":"Mustika","location_id":9}"
2026-07-18 22:56:50,EEST,10,Suur-Paala,0,success,"{"total":0,"location_name":"Suur-Paala","location_id":10}"
2026-07-18 22:58:51,EEST,1,Hipodroom,4,success,"{"total":4,"location_name":"Hipodroom","location_id":1}"
2026-07-18 22:58:51,EEST,3,T1,5,success,"{"total":5,"location_name":"T1 Shopping Mall","location_id":3}"
2026-07-18 22:58:51,EEST,9,Mustika,3,success,"{"total":3,"location_name":"Mustika","location_id":9}"
2026-07-18 22:58:51,EEST,10,Suur-Paala,0,success,"{"total":0,"location_name":"Suur-Paala","location_id":10}"
2026-07-18 23:00:51,EEST,1,Hipodroom,4,success,"{"total":4,"location_name":"Hipodroom","location_id":1}"
2026-07-18 23:00:51,EEST,3,T1,5,success,"{"total":5,"location_name":"T1 Shopping Mall","location_id":3}"
2026-07-18 23:00:51,EEST,9,Mustika,2,success,"{"total":2,"location_name":"Mustika","location_id":9}"
2026-07-18 23:00:51,EEST,10,Suur-Paala,0,success,"{"total":0,"location_name":"Suur-Paala","location_id":10}"
2026-07-18 23:02:52,EEST,1,Hipodroom,4,success,"{"total":4,"location_name":"Hipodroom","location_id":1}"
2026-07-18 23:02:52,EEST,3,T1,5,success,"{"total":5,"location_name":"T1 Shopping Mall","location_id":3}"
2026-07-18 23:02:52,EEST,9,Mustika,2,success,"{"total":2,"location_name":"Mustika","location_id":9}"
2026-07-18 23:02:52,EEST,10,Suur-Paala,0,success,"{"total":0,"location_name":"Suur-Paala","location_id":10}"
2026-07-18 23:04:52,EEST,1,Hipodroom,4,success,"{"total":4,"location_name":"Hipodroom","location_id":1}"
2026-07-18 23:04:52,EEST,3,T1,5,success,"{"total":5,"location_name":"T1 Shopping Mall","location_id":3}"
2026-07-18 23:04:52,EEST,9,Mustika,2,success,"{"total":2,"location_name":"Mustika","location_id":9}"
2026-07-18 23:04:52,EEST,10,Suur-Paala,0,success,"{"total":0,"location_name":"Suur-Paala","location_id":10}"
2026-07-18 23:06:53,EEST,1,Hipodroom,4,success,"{"total":4,"location_name":"Hipodroom","location_id":1}"
2026-07-18 23:06:53,EEST,3,T1,5,success,"{"total":5,"location_name":"T1 Shopping Mall","location_id":3}"
2026-07-18 23:06:53,EEST,9,Mustika,2,success,"{"total":2,"location_name":"Mustika","location_id":9}"
2026-07-18 23:06:53,EEST,10,Suur-Paala,0,success,"{"total":0,"location_name":"Suur-Paala","location_id":10}"
2026-07-18 23:08:53,EEST,1,Hipodroom,4,success,"{"total":4,"location_name":"Hipodroom","location_id":1}"
2026-07-18 23:08:53,EEST,3,T1,5,success,"{"total":5,"location_name":"T1 Shopping Mall","location_id":3}"
2026-07-18 23:08:53,EEST,9,Mustika,2,success,"{"total":2,"location_name":"Mustika","location_id":9}"
2026-07-18 23:08:53,EEST,10,Suur-Paala,0,success,"{"total":0,"location_name":"Suur-Paala","location_id":10}"
2026-07-18 23:10:54,EEST,1,Hipodroom,4,success,"{"total":4,"location_name":"Hipodroom","location_id":1}"
2026-07-18 23:10:54,EEST,3,T1,5,success,"{"total":5,"location_name":"T1 Shopping Mall","location_id":3}"
2026-07-18 23:10:54,EEST,9,Mustika,2,success,"{"total":2,"location_name":"Mustika","location_id":9}"
2026-07-18 23:10:54,EEST,10,Suur-Paala,0,success,"{"total":0,"location_name":"Suur-Paala","location_id":10}"
2026-07-18 23:12:54,EEST,1,Hipodroom,4,success,"{"total":4,"location_name":"Hipodroom","location_id":1}"
2026-07-18 23:12:54,EEST,3,T1,5,success,"{"total":5,"location_name":"T1 Shopping Mall","location_id":3}"
2026-07-18 23:12:54,EEST,9,Mustika,2,success,"{"total":2,"location_name":"Mustika","location_id":9}"
2026-07-18 23:12:54,EEST,10,Suur-Paala,0,success,"{"total":0,"location_name":"Suur-Paala","location_id":10}"
2026-07-18 23:14:55,EEST,1,Hipodroom,4,success,"{"total":4,"location_name":"Hipodroom","location_id":1}"
2026-07-18 23:14:55,EEST,3,T1,5,success,"{"total":5,"location_name":"T1 Shopping Mall","location_id":3}"
2026-07-18 23:14:55,EEST,9,Mustika,2,success,"{"total":2,"location_name":"Mustika","location_id":9}"
2026-07-18 23:14:55,EEST,10,Suur-Paala,0,success,"{"total":0,"location_name":"Suur-Paala","location_id":10}"
2026-07-18 23:16:56,EEST,1,Hipodroom,4,success,"{"total":4,"location_name":"Hipodroom","location_id":1}"
2026-07-18 23:16:56,EEST,3,T1,5,success,"{"total":5,"location_name":"T1 Shopping Mall","location_id":3}"
2026-07-18 23:16:56,EEST,9,Mustika,2,success,"{"total":2,"location_name":"Mustika","location_id":9}"
2026-07-18 23:16:56,EEST,10,Suur-Paala,0,success,"{"total":0,"location_name":"Suur-Paala","location_id":10}"
2026-07-18 23:18:56,EEST,1,Hipodroom,3,success,"{"total":3,"location_name":"Hipodroom","location_id":1}"
2026-07-18 23:18:56,EEST,3,T1,5,success,"{"total":5,"location_name":"T1 Shopping Mall","location_id":3}"
2026-07-18 23:18:56,EEST,9,Mustika,2,success,"{"total":2,"location_name":"Mustika","location_id":9}"
2026-07-18 23:18:56,EEST,10,Suur-Paala,0,success,"{"total":0,"location_name":"Suur-Paala","location_id":10}"
2026-07-18 23:20:57,EEST,1,Hipodroom,3,success,"{"total":3,"location_name":"Hipodroom","location_id":1}"
2026-07-18 23:20:57,EEST,3,T1,5,success,"{"total":5,"location_name":"T1 Shopping Mall","location_id":3}"
2026-07-18 23:20:57,EEST,9,Mustika,2,success,"{"total":2,"location_name":"Mustika","location_id":9}"
2026-07-18 23:20:57,EEST,10,Suur-Paala,0,success,"{"total":0,"location_name":"Suur-Paala","location_id":10}"
2026-07-18 23:22:58,EEST,1,Hipodroom,3,success,"{"total":3,"location_name":"Hipodroom","location_id":1}"
2026-07-18 23:22:58,EEST,3,T1,5,success,"{"total":5,"location_name":"T1 Shopping Mall","location_id":3}"
2026-07-18 23:22:58,EEST,9,Mustika,2,success,"{"total":2,"location_name":"Mustika","location_id":9}"
2026-07-18 23:22:58,EEST,10,Suur-Paala,0,success,"{"total":0,"location_name":"Suur-Paala","location_id":10}"
2026-07-18 23:24:58,EEST,1,Hipodroom,3,success,"{"total":3,"location_name":"Hipodroom","location_id":1}"
2026-07-18 23:24:58,EEST,3,T1,5,success,"{"total":5,"location_name":"T1 Shopping Mall","location_id":3}"
2026-07-18 23:24:58,EEST,9,Mustika,1,success,"{"total":1,"location_name":"Mustika","location_id":9}"
2026-07-18 23:24:58,EEST,10,Suur-Paala,0,success,"{"total":0,"location_name":"Suur-Paala","location_id":10}"
2026-07-18 23:26:59,EEST,1,Hipodroom,3,success,"{"total":3,"location_name":"Hipodroom","location_id":1}"
2026-07-18 23:26:59,EEST,3,T1,5,success,"{"total":5,"location_name":"T1 Shopping Mall","location_id":3}"
2026-07-18 23:26:59,EEST,9,Mustika,1,success,"{"total":1,"location_name":"Mustika","location_id":9}"
2026-07-18 23:26:59,EEST,10,Suur-Paala,0,success,"{"total":0,"location_name":"Suur-Paala","location_id":10}"
2026-07-18 23:29:00,EEST,1,Hipodroom,3,success,"{"total":3,"location_name":"Hipodroom","location_id":1}"
2026-07-18 23:29:00,EEST,3,T1,5,success,"{"total":5,"location_name":"T1 Shopping Mall","location_id":3}"
2026-07-18 23:29:00,EEST,9,Mustika,1,success,"{"total":1,"location_name":"Mustika","location_id":9}"
2026-07-18 23:29:00,EEST,10,Suur-Paala,0,success,"{"total":0,"location_name":"Suur-Paala","location_id":10}"
2026-07-18 23:31:00,EEST,1,Hipodroom,3,success,"{"total":3,"location_name":"Hipodroom","location_id":1}"
2026-07-18 23:31:00,EEST,3,T1,4,success,"{"total":4,"location_name":"T1 Shopping Mall","location_id":3}"
2026-07-18 23:31:00,EEST,9,Mustika,1,success,"{"total":1,"location_name":"Mustika","location_id":9}"
2026-07-18 23:31:00,EEST,10,Suur-Paala,0,success,"{"total":0,"location_name":"Suur-Paala","location_id":10}"
2026-07-18 23:33:01,EEST,1,Hipodroom,3,success,"{"total":3,"location_name":"Hipodroom","location_id":1}"
2026-07-18 23:33:01,EEST,3,T1,4,success,"{"total":4,"location_name":"T1 Shopping Mall","location_id":3}"
2026-07-18 23:33:01,EEST,9,Mustika,1,success,"{"total":1,"location_name":"Mustika","location_id":9}"
2026-07-18 23:33:01,EEST,10,Suur-Paala,0,success,"{"total":0,"location_name":"Suur-Paala","location_id":10}"
2026-07-18 23:35:02,EEST,1,Hipodroom,3,success,"{"total":3,"location_name":"Hipodroom","location_id":1}"
2026-07-18 23:35:02,EEST,3,T1,4,success,"{"total":4,"location_name":"T1 Shopping Mall","location_id":3}"
2026-07-18 23:35:02,EEST,9,Mustika,1,success,"{"total":1,"location_name":"Mustika","location_id":9}"
2026-07-18 23:35:02,EEST,10,Suur-Paala,0,success,"{"total":0,"location_name":"Suur-Paala","location_id":10}"
2026-07-18 23:37:02,EEST,1,Hipodroom,3,success,"{"total":3,"location_name":"Hipodroom","location_id":1}"
2026-07-18 23:37:02,EEST,3,T1,4,success,"{"total":4,"location_name":"T1 Shopping Mall","location_id":3}"
2026-07-18 23:37:02,EEST,9,Mustika,1,success,"{"total":1,"location_name":"Mustika","location_id":9}"
2026-07-18 23:37:02,EEST,10,Suur-Paala,0,success,"{"total":0,"location_name":"Suur-Paala","location_id":10}"
2026-07-18 23:39:03,EEST,1,Hipodroom,3,success,"{"total":3,"location_name":"Hipodroom","location_id":1}"
2026-07-18 23:39:03,EEST,3,T1,4,success,"{"total":4,"location_name":"T1 Shopping Mall","location_id":3}"
2026-07-18 23:39:03,EEST,9,Mustika,1,success,"{"total":1,"location_name":"Mustika","location_id":9}"
2026-07-18 23:39:03,EEST,10,Suur-Paala,0,success,"{"total":0,"location_name":"Suur-Paala","location_id":10}"
2026-07-18 23:41:03,EEST,1,Hipodroom,3,success,"{"total":3,"location_name":"Hipodroom","location_id":1}"
2026-07-18 23:41:03,EEST,3,T1,4,success,"{"total":4,"location_name":"T1 Shopping Mall","location_id":3}"
2026-07-18 23:41:03,EEST,9,Mustika,1,success,"{"total":1,"location_name":"Mustika","location_id":9}"
2026-07-18 23:41:03,EEST,10,Suur-Paala,0,success,"{"total":0,"location_name":"Suur-Paala","location_id":10}"
2026-07-18 23:43:04,EEST,1,Hipodroom,3,success,"{"total":3,"location_name":"Hipodroom","location_id":1}"
2026-07-18 23:43:04,EEST,3,T1,2,success,"{"total":2,"location_name":"T1 Shopping Mall","location_id":3}"
2026-07-18 23:43:04,EEST,9,Mustika,1,success,"{"total":1,"location_name":"Mustika","location_id":9}"
2026-07-18 23:43:04,EEST,10,Suur-Paala,0,success,"{"total":0,"location_name":"Suur-Paala","location_id":10}"
2026-07-18 23:45:04,EEST,1,Hipodroom,3,success,"{"total":3,"location_name":"Hipodroom","location_id":1}"
2026-07-18 23:45:04,EEST,3,T1,2,success,"{"total":2,"location_name":"T1 Shopping Mall","location_id":3}"
2026-07-18 23:45:04,EEST,9,Mustika,1,success,"{"total":1,"location_name":"Mustika","location_id":9}"
2026-07-18 23:45:04,EEST,10,Suur-Paala,0,success,"{"total":0,"location_name":"Suur-Paala","location_id":10}"
2026-07-18 23:47:05,EEST,1,Hipodroom,3,success,"{"total":3,"location_name":"Hipodroom","location_id":1}"
2026-07-18 23:47:05,EEST,3,T1,2,success,"{"total":2,"location_name":"T1 Shopping Mall","location_id":3}"
2026-07-18 23:47:05,EEST,9,Mustika,1,success,"{"total":1,"location_name":"Mustika","location_id":9}"
2026-07-18 23:47:05,EEST,10,Suur-Paala,0,success,"{"total":0,"location_name":"Suur-Paala","location_id":10}"
2026-07-18 23:49:05,EEST,1,Hipodroom,3,success,"{"total":3,"location_name":"Hipodroom","location_id":1}"
2026-07-18 23:49:05,EEST,3,T1,2,success,"{"total":2,"location_name":"T1 Shopping Mall","location_id":3}"
2026-07-18 23:49:05,EEST,9,Mustika,0,success,"{"total":0,"location_name":"Mustika","location_id":9}"
2026-07-18 23:49:05,EEST,10,Suur-Paala,0,success,"{"total":0,"location_name":"Suur-Paala","location_id":10}"
2026-07-18 23:51:06,EEST,1,Hipodroom,3,success,"{"total":3,"location_name":"Hipodroom","location_id":1}"
2026-07-18 23:51:06,EEST,3,T1,2,success,"{"total":2,"location_name":"T1 Shopping Mall","location_id":3}"
2026-07-18 23:51:06,EEST,9,Mustika,0,success,"{"total":0,"location_name":"Mustika","location_id":9}"
2026-07-18 23:51:06,EEST,10,Suur-Paala,0,success,"{"total":0,"location_name":"Suur-Paala","location_id":10}"
2026-07-18 23:53:07,EEST,1,Hipodroom,3,success,"{"total":3,"location_name":"Hipodroom","location_id":1}"
2026-07-18 23:53:07,EEST,3,T1,2,success,"{"total":2,"location_name":"T1 Shopping Mall","location_id":3}"
2026-07-18 23:53:07,EEST,9,Mustika,0,success,"{"total":0,"location_name":"Mustika","location_id":9}"
2026-07-18 23:53:07,EEST,10,Suur-Paala,0,success,"{"total":0,"location_name":"Suur-Paala","location_id":10}"
2026-07-18 23:55:07,EEST,1,Hipodroom,3,success,"{"total":3,"location_name":"Hipodroom","location_id":1}"
2026-07-18 23:55:07,EEST,3,T1,3,success,"{"total":3,"location_name":"T1 Shopping Mall","location_id":3}"
2026-07-18 23:55:07,EEST,9,Mustika,0,success,"{"total":0,"location_name":"Mustika","location_id":9}"
2026-07-18 23:55:07,EEST,10,Suur-Paala,0,success,"{"total":0,"location_name":"Suur-Paala","location_id":10}"
2026-07-18 23:57:08,EEST,1,Hipodroom,3,success,"{"total":3,"location_name":"Hipodroom","location_id":1}"
2026-07-18 23:57:08,EEST,3,T1,3,success,"{"total":3,"location_name":"T1 Shopping Mall","location_id":3}"
2026-07-18 23:57:08,EEST,9,Mustika,0,success,"{"total":0,"location_name":"Mustika","location_id":9}"
2026-07-18 23:57:08,EEST,10,Suur-Paala,0,success,"{"total":0,"location_name":"Suur-Paala","location_id":10}"
2026-07-18 23:59:08,EEST,1,Hipodroom,3,success,"{"total":3,"location_name":"Hipodroom","location_id":1}"
2026-07-18 23:59:08,EEST,3,T1,3,success,"{"total":3,"location_name":"T1 Shopping Mall","location_id":3}"
2026-07-18 23:59:08,EEST,9,Mustika,0,success,"{"total":0,"location_name":"Mustika","location_id":9}"
2026-07-18 23:59:08,EEST,10,Suur-Paala,0,success,"{"total":0,"location_name":"Suur-Paala","location_id":10}"
